{
"type": "FeatureCollection",
"name": "adm2_tourism",
"crs": { "type": "name", "properties": { "name": "urn:ogc:def:crs:OGC:1.3:CRS84" } },
"features": [
{ "type": "Feature", "properties": { "shapeName": "Khachmaz District", "shapeID": "54616110B89497242950609", "shapeISO": "AZE", "n_total": 47, "n_lodging": 27, "n_food": 11, "n_cultural": 0, "n_natural": 1, "n_beach": 7, "n_eco": 1, "n_camping": 0, "share_lodging": 0.57446808510638303, "share_cultural": 0.0, "dom_category": "lodging", "lodging_vs_cultural": 1.0, "area_km2": 1044.443, "density_per_100km2": 4.5 }, "geometry": { "type": "Polygon", "coordinates": [ [ [ 49.079124466000053, 41.354595791000065 ], [ 48.967492847000074, 41.489168173000053 ], [ 48.713348134000057, 41.745263191000049 ], [ 48.65133542600006, 41.803988086000061 ], [ 48.583534865000047, 41.83778903700005 ], [ 48.508462131000044, 41.737585803000059 ], [ 48.601864726000031, 41.720989340000074 ], [ 48.576202921000061, 41.684318536000035 ], [ 48.578862742000069, 41.619615521000071 ], [ 48.643116874000043, 41.588959616000068 ], [ 48.614335406000066, 41.552723076000063 ], [ 48.639633802000048, 41.533716863000052 ], [ 48.641712248000033, 41.503763954000078 ], [ 48.712640840000063, 41.383711836000032 ], [ 48.750416292000068, 41.355375244000072 ], [ 48.799827221000044, 41.366423191000081 ], [ 48.800624172000028, 41.347928823000075 ], [ 48.888926283000046, 41.368344380000053 ], [ 48.934352460000071, 41.353813969000043 ], [ 48.999383618000081, 41.375548331000061 ], [ 49.079124466000053, 41.354595791000065 ] ] ] } },
{ "type": "Feature", "properties": { "shapeName": "Shabran District", "shapeID": "54616110B33183266084070", "shapeISO": "AZE", "n_total": 2, "n_lodging": 1, "n_food": 0, "n_cultural": 1, "n_natural": 0, "n_beach": 0, "n_eco": 0, "n_camping": 0, "share_lodging": 0.5, "share_cultural": 0.5, "dom_category": "lodging", "lodging_vs_cultural": 0.5, "area_km2": 1121.912, "density_per_100km2": 0.1783 }, "geometry": { "type": "Polygon", "coordinates": [ [ [ 48.800848175000056, 41.347941698000056 ], [ 48.79428841500004, 41.26881773000008 ], [ 48.813963130000047, 41.246265539000035 ], [ 48.785571770000047, 41.212986738000041 ], [ 48.730034284000055, 41.192108274000077 ], [ 48.699650548000079, 41.139788616000033 ], [ 48.778628339000079, 41.080612983000037 ], [ 48.770800168000051, 41.052758816000051 ], [ 48.713208045000044, 41.000008760000071 ], [ 48.732664843000066, 40.98172786300006 ], [ 48.730283331000066, 40.90553004800006 ], [ 48.805246485000055, 40.868106901000033 ], [ 48.881116169000052, 40.903685851000034 ], [ 48.875228697000068, 40.979557405000037 ], [ 48.890918660000068, 41.015596560000063 ], [ 48.978583211000057, 41.046902419000048 ], [ 48.989820212000041, 41.092190138000035 ], [ 48.965592918000027, 41.128355499000065 ], [ 48.972606082000027, 41.154096012000025 ], [ 49.149927561000027, 41.179314549000026 ], [ 49.134486645000038, 41.25942193700007 ], [ 49.079124466000053, 41.354595791000065 ], [ 48.999383618000081, 41.375548331000061 ], [ 48.934352460000071, 41.353813969000043 ], [ 48.888926283000046, 41.368344380000053 ], [ 48.800848175000056, 41.347941698000056 ] ] ] } },
{ "type": "Feature", "properties": { "shapeName": "Siazan District", "shapeID": "54616110B9592293002412", "shapeISO": "AZE", "n_total": 1, "n_lodging": 0, "n_food": 0, "n_cultural": 1, "n_natural": 0, "n_beach": 0, "n_eco": 0, "n_camping": 0, "share_lodging": 0.0, "share_cultural": 1.0, "dom_category": "cultural", "lodging_vs_cultural": 0.0, "area_km2": 696.55, "density_per_100km2": 0.1436 }, "geometry": { "type": "Polygon", "coordinates": [ [ [ 48.881914043000052, 40.91041462700008 ], [ 49.014111262000029, 40.922084382000037 ], [ 49.03189919700003, 40.930769171000065 ], [ 49.045287964000067, 40.972339641000076 ], [ 49.084019757000078, 40.981157889000031 ], [ 49.100915107000048, 40.92956033300004 ], [ 49.22414357200006, 40.880205604000025 ], [ 49.326252851000049, 40.871131785000046 ], [ 49.363360857000032, 40.892113089000077 ], [ 49.209778541000048, 41.026800500000036 ], [ 49.147067115000027, 41.18014086200003 ], [ 49.132992363000028, 41.184206565000068 ], [ 48.972606082000027, 41.154096012000025 ], [ 48.965592918000027, 41.128355499000065 ], [ 48.989182652000068, 41.065897384000039 ], [ 48.963391342000079, 41.03200571800005 ], [ 48.88519057700006, 41.00805073600003 ], [ 48.881914043000052, 40.91041462700008 ] ] ] } },
{ "type": "Feature", "properties": { "shapeName": "Khizi District", "shapeID": "54616110B97026515433008", "shapeISO": "AZE", "n_total": 5, "n_lodging": 1, "n_food": 0, "n_cultural": 1, "n_natural": 3, "n_beach": 0, "n_eco": 0, "n_camping": 0, "share_lodging": 0.2, "share_cultural": 0.2, "dom_category": "natural", "lodging_vs_cultural": 0.5, "area_km2": 1794.195, "density_per_100km2": 0.2787 }, "geometry": { "type": "Polygon", "coordinates": [ [ [ 48.821376749000081, 40.869178330000068 ], [ 48.806242672000053, 40.831797423000069 ], [ 48.833139751000033, 40.779378113000064 ], [ 48.898888164000027, 40.763852481000072 ], [ 48.977836069000034, 40.71763263400004 ], [ 49.04109401200003, 40.652984293000031 ], [ 49.132245222000051, 40.62395731600003 ], [ 49.242074958000046, 40.523688125000035 ], [ 49.399472675000027, 40.516085805000046 ], [ 49.441531735000069, 40.538791357000036 ], [ 49.445516488000067, 40.577085126000043 ], [ 49.510707036000042, 40.62191546300005 ], [ 49.532862259000069, 40.657369485000061 ], [ 49.512141547000056, 40.714759874000038 ], [ 49.516524774000061, 40.752300553000055 ], [ 49.543919947000063, 40.78960031400004 ], [ 49.51801905700006, 40.818743808000079 ], [ 49.414913590000026, 40.847874405000027 ], [ 49.365167305000057, 40.891898020000042 ], [ 49.31380050000007, 40.870942734000039 ], [ 49.22414357200006, 40.880205604000025 ], [ 49.122910940000054, 40.91529435700005 ], [ 49.100915107000048, 40.92956033300004 ], [ 49.084019757000078, 40.981157889000031 ], [ 49.045287964000067, 40.972339641000076 ], [ 49.03189919700003, 40.930769171000065 ], [ 49.014111262000029, 40.922084382000037 ], [ 48.881914043000052, 40.91041462700008 ], [ 48.821376749000081, 40.869178330000068 ] ] ] } },
{ "type": "Feature", "properties": { "shapeName": "Qusar District", "shapeID": "54616110B21517829058101", "shapeISO": "AZE", "n_total": 27, "n_lodging": 20, "n_food": 4, "n_cultural": 2, "n_natural": 1, "n_beach": 0, "n_eco": 0, "n_camping": 0, "share_lodging": 0.7407407407407407, "share_cultural": 0.07407407407407407, "dom_category": "lodging", "lodging_vs_cultural": 0.90909090909090906, "area_km2": 1551.105, "density_per_100km2": 1.7407 }, "geometry": { "type": "Polygon", "coordinates": [ [ [ 48.51110776400003, 41.737220267000055 ], [ 48.358822590000045, 41.60300608700004 ], [ 48.207788178000044, 41.518107858000064 ], [ 48.079430322000064, 41.500419148000049 ], [ 48.042668631000026, 41.443293206000078 ], [ 48.004606248000073, 41.430105076000075 ], [ 47.993926875000056, 41.372787802000062 ], [ 47.950935550000054, 41.350919601000044 ], [ 47.959150453000063, 41.32202572500006 ], [ 47.894767521000063, 41.291722824000033 ], [ 47.898798300000067, 41.233273930000053 ], [ 47.849552696000046, 41.217264025000077 ], [ 47.891087245000051, 41.185894339000072 ], [ 48.003248051000071, 41.188409767000053 ], [ 48.392831604000037, 41.399885840000024 ], [ 48.65181627000004, 41.488437004000048 ], [ 48.639633802000048, 41.533716863000052 ], [ 48.614335406000066, 41.552723076000063 ], [ 48.643116874000043, 41.588959616000068 ], [ 48.582349401000045, 41.612513629000034 ], [ 48.575376084000027, 41.634751132000076 ], [ 48.576202921000061, 41.684318536000035 ], [ 48.601864726000031, 41.720989340000074 ], [ 48.51110776400003, 41.737220267000055 ] ] ] } },
{ "type": "Feature", "properties": { "shapeName": "Quba District", "shapeID": "54616110B77048085748362", "shapeISO": "AZE", "n_total": 25, "n_lodging": 13, "n_food": 2, "n_cultural": 0, "n_natural": 8, "n_beach": 0, "n_eco": 2, "n_camping": 0, "share_lodging": 0.52, "share_cultural": 0.0, "dom_category": "lodging", "lodging_vs_cultural": 1.0, "area_km2": 2572.56, "density_per_100km2": 0.9718 }, "geometry": { "type": "Polygon", "coordinates": [ [ [ 48.65181627000004, 41.488437004000048 ], [ 48.392831604000037, 41.399885840000024 ], [ 48.039700314000072, 41.204162075000056 ], [ 47.963428596000028, 41.183011758000077 ], [ 47.962760523000043, 41.155340694000074 ], [ 48.020473988000049, 41.105842350000046 ], [ 48.243265190000045, 41.023913868000079 ], [ 48.729226178000033, 40.911654600000077 ], [ 48.732664843000066, 40.98172786300006 ], [ 48.713208045000044, 41.000008760000071 ], [ 48.770800168000051, 41.052758816000051 ], [ 48.778628339000079, 41.080612983000037 ], [ 48.699650548000079, 41.15240188000007 ], [ 48.745475200000044, 41.204711393000025 ], [ 48.793292228000041, 41.219380601000069 ], [ 48.817698835000044, 41.255099415000075 ], [ 48.79428841500004, 41.26881773000008 ], [ 48.799827221000044, 41.366423191000081 ], [ 48.750416292000068, 41.355375244000072 ], [ 48.712640840000063, 41.383711836000032 ], [ 48.65181627000004, 41.488437004000048 ] ] ] } },
{ "type": "Feature", "properties": { "shapeName": "Absheron District", "shapeID": "54616110B88432173472444", "shapeISO": "AZE", "n_total": 7, "n_lodging": 0, "n_food": 0, "n_cultural": 1, "n_natural": 6, "n_beach": 0, "n_eco": 0, "n_camping": 0, "share_lodging": 0.0, "share_cultural": 0.14285714285714285, "dom_category": "natural", "lodging_vs_cultural": 0.0, "area_km2": 1914.611, "density_per_100km2": 0.3656 }, "geometry": { "type": "MultiPolygon", "coordinates": [ [ [ [ 49.748468543000058, 40.427346682000064 ], [ 49.673927177000053, 40.43354548800005 ], [ 49.67173478400008, 40.404556937000052 ], [ 49.640164324000068, 40.370693105000043 ], [ 49.645864546000041, 40.341845030000059 ], [ 49.688835451000045, 40.367171623000047 ], [ 49.728517765000049, 40.35291611100007 ], [ 49.764034534000075, 40.387291880000078 ], [ 49.748468543000058, 40.427346682000064 ] ] ], [ [ [ 49.299009182000077, 40.517339089000075 ], [ 49.29219162000004, 40.492508573000066 ], [ 49.248823253000069, 40.479740435000053 ], [ 49.253049831000055, 40.466268097000068 ], [ 49.048979614000075, 40.37840314400006 ], [ 48.970018406000065, 40.31183506900004 ], [ 48.890770067000062, 40.341502290000051 ], [ 48.869809455000052, 40.320406950000063 ], [ 49.024860554000043, 40.178940842000031 ], [ 49.191684052000028, 40.155811544000073 ], [ 49.264328363000061, 40.015323593000062 ], [ 49.30309113800007, 39.989046204000033 ], [ 49.317734853000047, 39.997659244000033 ], [ 49.353626311000028, 40.122976338000058 ], [ 49.39296334900007, 40.164623642000038 ], [ 49.393813259000069, 40.205690426000047 ], [ 49.434241397000051, 40.234427547000053 ], [ 49.449241155000038, 40.305240569000034 ], [ 49.445083489000069, 40.423166400000071 ], [ 49.495802426000068, 40.42667735200007 ], [ 49.565158360000055, 40.47523551300003 ], [ 49.666806102000066, 40.477687950000075 ], [ 49.700468448000038, 40.458046762000038 ], [ 49.769674887000065, 40.449581701000056 ], [ 49.792674006000027, 40.477847611000072 ], [ 49.921259989000077, 40.50131357600003 ], [ 49.803964483000073, 40.542957261000026 ], [ 49.73266721400006, 40.532110077000027 ], [ 49.73873061900008, 40.568473065000035 ], [ 49.725976562000028, 40.575488194000059 ], [ 49.709249930000055, 40.575169340000059 ], [ 49.67224225700005, 40.533705362000035 ], [ 49.62373502500003, 40.541681213000061 ], [ 49.543614458000036, 40.62089639800007 ], [ 49.531816525000067, 40.656928927000081 ], [ 49.510707036000042, 40.62191546300005 ], [ 49.445516488000067, 40.577085126000043 ], [ 49.441531735000069, 40.538791357000036 ], [ 49.38901270000008, 40.514375163000068 ], [ 49.299009182000077, 40.517339089000075 ] ] ] ] } },
{ "type": "Feature", "properties": { "shapeName": "Sumqayit City", "shapeID": "54616110B75219613739908", "shapeISO": "AZE", "n_total": 0, "n_lodging": 0, "n_food": 0, "n_cultural": 0, "n_natural": 0, "n_beach": 0, "n_eco": 0, "n_camping": 0, "share_lodging": 0.0, "share_cultural": 0.0, "dom_category": "none", "lodging_vs_cultural": -1.0, "area_km2": 82.107, "density_per_100km2": 0.0 }, "geometry": { "type": "Polygon", "coordinates": [ [ [ 49.710504614000058, 40.575198331000024 ], [ 49.666610505000051, 40.61291740300004 ], [ 49.586218273000043, 40.621321254000065 ], [ 49.53529470400008, 40.649525679000078 ], [ 49.543614458000036, 40.62089639800007 ], [ 49.62373502500003, 40.541681213000061 ], [ 49.67224225700005, 40.533705362000035 ], [ 49.710504614000058, 40.575198331000024 ] ] ] } },
{ "type": "Feature", "properties": { "shapeName": "Baku City", "shapeID": "54616110B61947743987915", "shapeISO": "AZE", "n_total": 72, "n_lodging": 44, "n_food": 0, "n_cultural": 15, "n_natural": 4, "n_beach": 8, "n_eco": 1, "n_camping": 0, "share_lodging": 0.61111111111111116, "share_cultural": 0.20833333333333334, "dom_category": "lodging", "lodging_vs_cultural": 0.74576271186440679, "area_km2": 2112.632, "density_per_100km2": 3.4081 }, "geometry": { "type": "MultiPolygon", "coordinates": [ [ [ [ 50.536220637000042, 40.297904205000066 ], [ 50.62028897600004, 40.319357310000044 ], [ 50.555806450000034, 40.35394461900006 ], [ 50.52748235100006, 40.352791997000054 ], [ 50.536220637000042, 40.297904205000066 ] ] ], [ [ [ 50.335240056000032, 40.436651011000038 ], [ 50.344882303000077, 40.472788478000041 ], [ 50.324995168000044, 40.487744115000055 ], [ 50.299684271000046, 40.473018590000038 ], [ 50.335240056000032, 40.436651011000038 ] ] ], [ [ [ 49.303322328000036, 39.989164758000072 ], [ 49.314319901000033, 39.930422166000028 ], [ 49.349672239000029, 39.881668211000033 ], [ 49.362519663000057, 39.677316155000028 ], [ 49.421626580000066, 39.700352273000078 ], [ 49.394967081000061, 39.739631297000074 ], [ 49.386548291000054, 39.79120153000008 ], [ 49.428872440000077, 39.856750102000035 ], [ 49.414913062000039, 39.938966334000042 ], [ 49.44103337100006, 39.976202654000076 ], [ 49.492845785000043, 40.004198806000034 ], [ 49.44274617700006, 40.035804083000073 ], [ 49.428642239000055, 40.08822047600006 ], [ 49.490730811000049, 40.113407147000032 ], [ 49.472172203000071, 40.163575683000033 ], [ 49.489711348000071, 40.182706111000073 ], [ 49.652617117000034, 40.248473276000027 ], [ 49.690150886000026, 40.277361564000046 ], [ 49.829060913000035, 40.302746116000037 ], [ 49.859052850000069, 40.344763947000047 ], [ 49.851160235000066, 40.369452223000053 ], [ 49.876241212000082, 40.372940049000078 ], [ 49.95750077100007, 40.337443733000043 ], [ 50.047390992000032, 40.355857624000066 ], [ 50.081784553000034, 40.347338394000076 ], [ 50.116627117000064, 40.367741512000066 ], [ 50.240880030000028, 40.346038837000037 ], [ 50.339318480000031, 40.303753241000038 ], [ 50.375492966000081, 40.228176861000065 ], [ 50.356528766000054, 40.302410404000057 ], [ 50.36680560800005, 40.358251802000041 ], [ 50.333234589000028, 40.408547799000075 ], [ 50.250334725000073, 40.465085551000072 ], [ 50.243483497000057, 40.488628806000065 ], [ 50.11399528000004, 40.528110465000054 ], [ 50.066379243000029, 40.57906205200004 ], [ 50.068777173000058, 40.594470474000047 ], [ 49.827559562000033, 40.567869423000047 ], [ 49.734169774000065, 40.573128042000064 ], [ 49.73266721400006, 40.532110077000027 ], [ 49.803964483000073, 40.542957261000026 ], [ 49.921259989000077, 40.50131357600003 ], [ 49.792674006000027, 40.477847611000072 ], [ 49.769674887000065, 40.449581701000056 ], [ 49.700468448000038, 40.458046762000038 ], [ 49.666806102000066, 40.477687950000075 ], [ 49.565158360000055, 40.47523551300003 ], [ 49.495802426000068, 40.42667735200007 ], [ 49.445083489000069, 40.423166400000071 ], [ 49.449241155000038, 40.305240569000034 ], [ 49.434241397000051, 40.234427547000053 ], [ 49.393813259000069, 40.205690426000047 ], [ 49.39296334900007, 40.164623642000038 ], [ 49.353626311000028, 40.122976338000058 ], [ 49.317734853000047, 39.997659244000033 ], [ 49.303322328000036, 39.989164758000072 ] ], [ [ 49.673927177000053, 40.43354548800005 ], [ 49.748468543000058, 40.427346682000064 ], [ 49.764034534000075, 40.387291880000078 ], [ 49.728517765000049, 40.35291611100007 ], [ 49.688835451000045, 40.367171623000047 ], [ 49.645864546000041, 40.341845030000059 ], [ 49.640164324000068, 40.370693105000043 ], [ 49.67173478400008, 40.404556937000052 ], [ 49.673927177000053, 40.43354548800005 ] ] ] ] } },
{ "type": "Feature", "properties": { "shapeName": "Gobustan District", "shapeID": "54616110B43271825035432", "shapeISO": "AZE", "n_total": 0, "n_lodging": 0, "n_food": 0, "n_cultural": 0, "n_natural": 0, "n_beach": 0, "n_eco": 0, "n_camping": 0, "share_lodging": 0.0, "share_cultural": 0.0, "dom_category": "none", "lodging_vs_cultural": -1.0, "area_km2": 1452.744, "density_per_100km2": 0.0 }, "geometry": { "type": "Polygon", "coordinates": [ [ [ 48.833141151000063, 40.779419621000045 ], [ 48.753297855000028, 40.719978154000046 ], [ 48.753308944000025, 40.654099859000041 ], [ 48.728902007000045, 40.60703866700004 ], [ 48.754815545000042, 40.586137379000036 ], [ 48.765277382000079, 40.518289196000069 ], [ 48.75524944600005, 40.49400147800003 ], [ 48.77376256000008, 40.458068852000054 ], [ 48.74232883500008, 40.401479902000062 ], [ 48.686982339000053, 40.371692497000026 ], [ 48.890770067000062, 40.341502290000051 ], [ 48.962840114000073, 40.309417162000045 ], [ 49.03692008400003, 40.371815199000025 ], [ 49.095494944000052, 40.388283845000046 ], [ 49.135808229000077, 40.424009046000037 ], [ 49.29219162000004, 40.492508573000066 ], [ 49.299009182000077, 40.517339089000075 ], [ 49.224392619000071, 40.532429719000049 ], [ 49.132245222000051, 40.62395731600003 ], [ 49.04109401200003, 40.652984293000031 ], [ 48.977836069000034, 40.71763263400004 ], [ 48.898888164000027, 40.763852481000072 ], [ 48.833141151000063, 40.779419621000045 ] ] ] } },
{ "type": "Feature", "properties": { "shapeName": "Shamakhi District", "shapeID": "54616110B16651088424667", "shapeISO": "AZE", "n_total": 4, "n_lodging": 3, "n_food": 0, "n_cultural": 0, "n_natural": 1, "n_beach": 0, "n_eco": 0, "n_camping": 0, "share_lodging": 0.75, "share_cultural": 0.0, "dom_category": "lodging", "lodging_vs_cultural": 1.0, "area_km2": 1311.375, "density_per_100km2": 0.305 }, "geometry": { "type": "Polygon", "coordinates": [ [ [ 48.729226178000033, 40.911654600000077 ], [ 48.558604670000079, 40.956938757000046 ], [ 48.455570013000056, 40.970951286000059 ], [ 48.453194013000029, 40.960895642000025 ], [ 48.46464418100004, 40.931194489000063 ], [ 48.541179515000067, 40.889132927000048 ], [ 48.522497662000035, 40.779738328000064 ], [ 48.562874570000076, 40.742163548000065 ], [ 48.539974234000056, 40.658230465000031 ], [ 48.467356063000068, 40.60956475100005 ], [ 48.466150782000057, 40.580394114000057 ], [ 48.506527690000041, 40.553049359000056 ], [ 48.617112209000027, 40.539027935000036 ], [ 48.678280211000072, 40.499936228000024 ], [ 48.561066649000054, 40.450463820000039 ], [ 48.546603278000077, 40.398881406000044 ], [ 48.511951454000041, 40.362473408000028 ], [ 48.644231027000046, 40.317973445000064 ], [ 48.692140941000048, 40.287059701000032 ], [ 48.748487820000037, 40.308516276000034 ], [ 48.771881112000074, 40.351807789000077 ], [ 48.686982339000053, 40.371692497000026 ], [ 48.74232883500008, 40.401479902000062 ], [ 48.77376256000008, 40.458068852000054 ], [ 48.75524944600005, 40.49400147800003 ], [ 48.765277382000079, 40.518289196000069 ], [ 48.754815545000042, 40.586137379000036 ], [ 48.728902007000045, 40.60703866700004 ], [ 48.753308944000025, 40.654099859000041 ], [ 48.753297855000028, 40.719978154000046 ], [ 48.833141151000063, 40.779419621000045 ], [ 48.806242672000053, 40.831797423000069 ], [ 48.821376749000081, 40.869178330000068 ], [ 48.791299851000076, 40.870753682000043 ], [ 48.729226178000033, 40.911654600000077 ] ] ] } },
{ "type": "Feature", "properties": { "shapeName": "Qabala District", "shapeID": "54616110B33746839775993", "shapeISO": "AZE", "n_total": 35, "n_lodging": 25, "n_food": 4, "n_cultural": 3, "n_natural": 3, "n_beach": 0, "n_eco": 0, "n_camping": 0, "share_lodging": 0.7142857142857143, "share_cultural": 0.085714285714285715, "dom_category": "lodging", "lodging_vs_cultural": 0.8928571428571429, "area_km2": 1505.979, "density_per_100km2": 2.3241 }, "geometry": { "type": "Polygon", "coordinates": [ [ [ 47.851101248000077, 41.215785203000053 ], [ 47.81363637700008, 41.219201640000051 ], [ 47.784252363000064, 41.187345085000061 ], [ 47.743777759000068, 41.187022022000065 ], [ 47.726421715000072, 41.084526803000074 ], [ 47.679560396000056, 41.041760674000045 ], [ 47.674978069000076, 40.969689169000048 ], [ 47.626013534000037, 40.908281139000053 ], [ 47.605768582000053, 40.84181004900006 ], [ 47.613800273000038, 40.792343993000031 ], [ 47.550932824000029, 40.775780238000038 ], [ 47.567517488000078, 40.757599292000066 ], [ 47.579088184000057, 40.679540296000027 ], [ 47.631542007000064, 40.65971742000005 ], [ 47.779646917000036, 40.685412600000063 ], [ 47.839860820000069, 40.773200021000036 ], [ 47.953605101000051, 40.82301441900006 ], [ 47.973793556000032, 40.88067164000006 ], [ 48.032550997000044, 40.897364484000036 ], [ 48.038878722000049, 40.94399048300005 ], [ 47.997597853000059, 40.961580894000065 ], [ 47.99466902000006, 41.003641652000056 ], [ 48.016074808000042, 41.02248486700006 ], [ 48.038830510000025, 41.006417350000049 ], [ 48.088137484000072, 41.077535339000065 ], [ 48.003533220000065, 41.114528992000032 ], [ 47.962760523000043, 41.155340694000074 ], [ 47.963428596000028, 41.183011758000077 ], [ 47.891087245000051, 41.185894339000072 ], [ 47.851101248000077, 41.215785203000053 ] ] ] } },
{ "type": "Feature", "properties": { "shapeName": "Ismailli District", "shapeID": "54616110B45290451128830", "shapeISO": "AZE", "n_total": 23, "n_lodging": 11, "n_food": 0, "n_cultural": 4, "n_natural": 6, "n_beach": 0, "n_eco": 2, "n_camping": 0, "share_lodging": 0.47826086956521741, "share_cultural": 0.17391304347826086, "dom_category": "lodging", "lodging_vs_cultural": 0.73333333333333328, "area_km2": 2051.53, "density_per_100km2": 1.1211 }, "geometry": { "type": "Polygon", "coordinates": [ [ [ 48.088137484000072, 41.077535339000065 ], [ 48.038830510000025, 41.006417350000049 ], [ 48.016074808000042, 41.02248486700006 ], [ 47.99466902000006, 41.003641652000056 ], [ 47.997597853000059, 40.961580894000065 ], [ 48.038878722000049, 40.94399048300005 ], [ 48.032550997000044, 40.897364484000036 ], [ 47.973793556000032, 40.88067164000006 ], [ 47.953605101000051, 40.82301441900006 ], [ 47.839860820000069, 40.773200021000036 ], [ 47.77331534800004, 40.68401736900006 ], [ 47.970220568000059, 40.661659182000051 ], [ 48.072042694000061, 40.630322958000079 ], [ 48.087813124000036, 40.589825059000077 ], [ 48.052501074000077, 40.547471792000067 ], [ 48.075128213000028, 40.528901044000065 ], [ 48.188949579000052, 40.55714744900007 ], [ 48.254431149000027, 40.629539363000049 ], [ 48.448476008000057, 40.724287144000073 ], [ 48.497158641000055, 40.77147982200006 ], [ 48.543288756000038, 40.868320777000065 ], [ 48.541179515000067, 40.889132927000048 ], [ 48.46464418100004, 40.931194489000063 ], [ 48.455570013000056, 40.970951286000059 ], [ 48.42151652900003, 40.989808292000077 ], [ 48.268440895000026, 41.017233360000034 ], [ 48.088137484000072, 41.077535339000065 ] ] ] } },
{ "type": "Feature", "properties": { "shapeName": "Agsu District", "shapeID": "54616110B12323901372431", "shapeISO": "AZE", "n_total": 6, "n_lodging": 4, "n_food": 0, "n_cultural": 1, "n_natural": 1, "n_beach": 0, "n_eco": 0, "n_camping": 0, "share_lodging": 0.66666666666666663, "share_cultural": 0.16666666666666666, "dom_category": "lodging", "lodging_vs_cultural": 0.8, "area_km2": 1033.644, "density_per_100km2": 0.5805 }, "geometry": { "type": "Polygon", "coordinates": [ [ [ 48.519337767000081, 40.81151436600004 ], [ 48.448476008000057, 40.724287144000073 ], [ 48.390879654000059, 40.685673579000024 ], [ 48.286657680000076, 40.648604224000053 ], [ 48.217062085000066, 40.599494547000063 ], [ 48.188949579000052, 40.55714744900007 ], [ 48.135464888000058, 40.541511048000075 ], [ 48.12083781900003, 40.490555912000048 ], [ 48.134229829000049, 40.451563606000036 ], [ 48.205374879000033, 40.46818606800008 ], [ 48.205374879000033, 40.434937 ], [ 48.228810895000038, 40.42982028800003 ], [ 48.266475922000041, 40.459875355000065 ], [ 48.357708986000034, 40.453481794000027 ], [ 48.366915992000031, 40.381191951000062 ], [ 48.453964054000039, 40.312027630000046 ], [ 48.546603278000077, 40.398881406000044 ], [ 48.561066649000054, 40.450463820000039 ], [ 48.671952486000066, 40.490734840000073 ], [ 48.672555127000066, 40.508906356000068 ], [ 48.617112209000027, 40.539027935000036 ], [ 48.506527690000041, 40.553049359000056 ], [ 48.466150782000057, 40.580394114000057 ], [ 48.467356063000068, 40.60956475100005 ], [ 48.539974234000056, 40.658230465000031 ], [ 48.562874570000076, 40.742163548000065 ], [ 48.522497662000035, 40.779738328000064 ], [ 48.519337767000081, 40.81151436600004 ] ] ] } },
{ "type": "Feature", "properties": { "shapeName": "Hajigabul District", "shapeID": "54616110B48173541517146", "shapeISO": "AZE", "n_total": 0, "n_lodging": 0, "n_food": 0, "n_cultural": 0, "n_natural": 0, "n_beach": 0, "n_eco": 0, "n_camping": 0, "share_lodging": 0.0, "share_cultural": 0.0, "dom_category": "none", "lodging_vs_cultural": -1.0, "area_km2": 1886.905, "density_per_100km2": 0.0 }, "geometry": { "type": "Polygon", "coordinates": [ [ [ 48.876748157000065, 40.336572494000052 ], [ 48.771881112000074, 40.351807789000077 ], [ 48.748487820000037, 40.308516276000034 ], [ 48.692140941000048, 40.287059701000032 ], [ 48.644231027000046, 40.317973445000064 ], [ 48.514940152000065, 40.360990460000039 ], [ 48.462516930000049, 40.313430630000028 ], [ 48.48653074200007, 40.263376183000048 ], [ 48.484130894000032, 40.192952278000064 ], [ 48.507443704000082, 40.162973472000033 ], [ 48.632921475000046, 40.156660444000067 ], [ 48.678518589000078, 40.13429704400005 ], [ 48.691546335000055, 40.126139134000027 ], [ 48.675775906000069, 40.088494709000031 ], [ 48.683510273000081, 40.061904576000074 ], [ 48.816036741000062, 40.024804194000069 ], [ 48.880791499000054, 39.959607959000039 ], [ 48.898276107000072, 39.966467010000031 ], [ 48.895533423000074, 39.98783114500003 ], [ 48.914732208000032, 40.010506686000042 ], [ 48.941816207000045, 40.000224532000061 ], [ 48.949701423000079, 39.951165099000036 ], [ 49.184886535000032, 39.890451131000077 ], [ 49.281908965000071, 39.900221823000038 ], [ 49.319963699000027, 39.85980959300008 ], [ 49.347399449000079, 39.85400502400006 ], [ 49.349672239000029, 39.881668211000033 ], [ 49.314319901000033, 39.930422166000028 ], [ 49.303322328000036, 39.989164758000072 ], [ 49.264328363000061, 40.015323593000062 ], [ 49.212644663000049, 40.13553934600003 ], [ 49.16727786000007, 40.166385923000064 ], [ 49.024860554000043, 40.178940842000031 ], [ 48.875839219000056, 40.306999166000026 ], [ 48.876748157000065, 40.336572494000052 ] ] ] } },
{ "type": "Feature", "properties": { "shapeName": "Shirvan City", "shapeID": "54616110B45272408011177", "shapeISO": "AZE", "n_total": 0, "n_lodging": 0, "n_food": 0, "n_cultural": 0, "n_natural": 0, "n_beach": 0, "n_eco": 0, "n_camping": 0, "share_lodging": 0.0, "share_cultural": 0.0, "dom_category": "none", "lodging_vs_cultural": -1.0, "area_km2": 30.89, "density_per_100km2": 0.0 }, "geometry": { "type": "Polygon", "coordinates": [ [ [ 48.892602633000081, 39.959607959000039 ], [ 48.903932892000057, 39.934721592000074 ], [ 48.949586880000027, 39.951414874000079 ], [ 48.941816207000045, 40.000224532000061 ], [ 48.905132816000048, 40.004443041000059 ], [ 48.892602633000081, 39.959607959000039 ] ] ] } },
{ "type": "Feature", "properties": { "shapeName": "Oghuz District", "shapeID": "54616110B99657283459996", "shapeISO": "AZE", "n_total": 1, "n_lodging": 0, "n_food": 0, "n_cultural": 0, "n_natural": 1, "n_beach": 0, "n_eco": 0, "n_camping": 0, "share_lodging": 0.0, "share_cultural": 0.0, "dom_category": "natural", "lodging_vs_cultural": -1.0, "area_km2": 1132.944, "density_per_100km2": 0.0883 }, "geometry": { "type": "Polygon", "coordinates": [ [ [ 47.746193994000066, 41.187554402000046 ], [ 47.694168399000034, 41.228054995000036 ], [ 47.621550228000046, 41.234651711000026 ], [ 47.604374976000031, 41.216452247000063 ], [ 47.542604333000043, 41.201433848000079 ], [ 47.50403534600008, 41.229192408000074 ], [ 47.496803661000058, 41.267852574000074 ], [ 47.469383522000044, 41.256939097000043 ], [ 47.451304309000079, 41.272626642000034 ], [ 47.402490434000072, 41.267170535000048 ], [ 47.388931025000034, 41.173435745000063 ], [ 47.315710214000035, 41.071356946000037 ], [ 47.314504932000034, 41.022311432000038 ], [ 47.350964679000072, 41.001541539000073 ], [ 47.35668976200003, 40.971173674000056 ], [ 47.387123104000068, 40.966377460000047 ], [ 47.394957429000044, 40.92685242400006 ], [ 47.416351164000048, 40.907423876000053 ], [ 47.494185941000069, 40.85646805600004 ], [ 47.606558076000056, 40.82413383200003 ], [ 47.626013534000037, 40.908281139000053 ], [ 47.674978069000076, 40.969689169000048 ], [ 47.679560396000056, 41.041760674000045 ], [ 47.726421715000072, 41.084526803000074 ], [ 47.746193994000066, 41.187554402000046 ] ] ] } },
{ "type": "Feature", "properties": { "shapeName": "Ganja City", "shapeID": "54616110B84154267491992", "shapeISO": "AZE", "n_total": 8, "n_lodging": 8, "n_food": 0, "n_cultural": 0, "n_natural": 0, "n_beach": 0, "n_eco": 0, "n_camping": 0, "share_lodging": 1.0, "share_cultural": 0.0, "dom_category": "lodging", "lodging_vs_cultural": 1.0, "area_km2": 38.624, "density_per_100km2": 20.7127 }, "geometry": { "type": "Polygon", "coordinates": [ [ [ 46.391790871000069, 40.68940017400007 ], [ 46.388547922000043, 40.71350986200008 ], [ 46.351485536000041, 40.728411331000075 ], [ 46.314121830000033, 40.680944191000037 ], [ 46.359922502000074, 40.652722933000064 ], [ 46.391790871000069, 40.68940017400007 ] ] ] } },
{ "type": "Feature", "properties": { "shapeName": "Shusha City", "shapeID": "54616110B73470411147872", "shapeISO": "AZE", "n_total": 0, "n_lodging": 0, "n_food": 0, "n_cultural": 0, "n_natural": 0, "n_beach": 0, "n_eco": 0, "n_camping": 0, "share_lodging": 0.0, "share_cultural": 0.0, "dom_category": "none", "lodging_vs_cultural": -1.0, "area_km2": 11.743, "density_per_100km2": 0.0 }, "geometry": { "type": "Polygon", "coordinates": [ [ [ 46.746641922000038, 39.756087594000064 ], [ 46.725170810000066, 39.739222958000028 ], [ 46.755447465000032, 39.719716713000025 ], [ 46.770489370000064, 39.741158388000031 ], [ 46.746641922000038, 39.756087594000064 ] ] ] } },
{ "type": "Feature", "properties": { "shapeName": "Khankendi City", "shapeID": "54616110B15657888815271", "shapeISO": "AZE", "n_total": 0, "n_lodging": 0, "n_food": 0, "n_cultural": 0, "n_natural": 0, "n_beach": 0, "n_eco": 0, "n_camping": 0, "share_lodging": 0.0, "share_cultural": 0.0, "dom_category": "none", "lodging_vs_cultural": -1.0, "area_km2": 29.619, "density_per_100km2": 0.0 }, "geometry": { "type": "Polygon", "coordinates": [ [ [ 46.822171812000079, 39.820017755000038 ], [ 46.811951031000035, 39.870113029000038 ], [ 46.769717990000061, 39.864763363000066 ], [ 46.76354695200007, 39.832359180000026 ], [ 46.799994645000027, 39.812879526000074 ], [ 46.822171812000079, 39.820017755000038 ] ] ] } },
{ "type": "Feature", "properties": { "shapeName": "Yevlakh City", "shapeID": "54616110B78344971255813", "shapeISO": "AZE", "n_total": 0, "n_lodging": 0, "n_food": 0, "n_cultural": 0, "n_natural": 0, "n_beach": 0, "n_eco": 0, "n_camping": 0, "share_lodging": 0.0, "share_cultural": 0.0, "dom_category": "none", "lodging_vs_cultural": -1.0, "area_km2": 23.759, "density_per_100km2": 0.0 }, "geometry": { "type": "Polygon", "coordinates": [ [ [ 47.193975932000058, 40.595477402000029 ], [ 47.203049200000066, 40.614086637000071 ], [ 47.181248157000027, 40.634308913000041 ], [ 47.130695014000025, 40.618179738000038 ], [ 47.149020528000051, 40.593858191000038 ], [ 47.193975932000058, 40.595477402000029 ] ] ] } },
{ "type": "Feature", "properties": { "shapeName": "Naftalan City", "shapeID": "54616110B32389340464615", "shapeISO": "AZE", "n_total": 0, "n_lodging": 0, "n_food": 0, "n_cultural": 0, "n_natural": 0, "n_beach": 0, "n_eco": 0, "n_camping": 0, "share_lodging": 0.0, "share_cultural": 0.0, "dom_category": "none", "lodging_vs_cultural": -1.0, "area_km2": 14.578, "density_per_100km2": 0.0 }, "geometry": { "type": "Polygon", "coordinates": [ [ [ 46.798277806000044, 40.466693356000064 ], [ 46.77601416400006, 40.455716406000079 ], [ 46.778036290000045, 40.43717797100004 ], [ 46.815041191000034, 40.431151870000065 ], [ 46.82737615700006, 40.450464373000045 ], [ 46.798277806000044, 40.466693356000064 ] ] ] } },
{ "type": "Feature", "properties": { "shapeName": "Shaki City", "shapeID": "54616110B24616396985677", "shapeISO": "AZE", "n_total": 7, "n_lodging": 5, "n_food": 0, "n_cultural": 2, "n_natural": 0, "n_beach": 0, "n_eco": 0, "n_camping": 0, "share_lodging": 0.7142857142857143, "share_cultural": 0.2857142857142857, "dom_category": "lodging", "lodging_vs_cultural": 0.7142857142857143, "area_km2": 27.58, "density_per_100km2": 25.3807 }, "geometry": { "type": "Polygon", "coordinates": [ [ [ 47.20746272000008, 41.185855296000057 ], [ 47.222701734000054, 41.196841644000074 ], [ 47.220881821000035, 41.22127475700006 ], [ 47.193178698000054, 41.235014343000046 ], [ 47.162644600000078, 41.227686926000047 ], [ 47.152938396000081, 41.198979908000069 ], [ 47.20746272000008, 41.185855296000057 ] ] ] } },
{ "type": "Feature", "properties": { "shapeName": "Salyan District", "shapeID": "54616110B55207089168458", "shapeISO": "AZE", "n_total": 1, "n_lodging": 0, "n_food": 0, "n_cultural": 0, "n_natural": 1, "n_beach": 0, "n_eco": 0, "n_camping": 0, "share_lodging": 0.0, "share_cultural": 0.0, "dom_category": "natural", "lodging_vs_cultural": -1.0, "area_km2": 1875.835, "density_per_100km2": 0.0533 }, "geometry": { "type": "Polygon", "coordinates": [ [ [ 49.347399449000079, 39.85400502400006 ], [ 49.319963699000027, 39.85980959300008 ], [ 49.281908965000071, 39.900221823000038 ], [ 49.173572965000062, 39.892299748000028 ], [ 48.999412561000042, 39.946943274000034 ], [ 48.949586880000027, 39.951414874000079 ], [ 48.906498415000044, 39.934513699000036 ], [ 48.88832668200007, 39.900594657000056 ], [ 48.92492715800006, 39.875047779000056 ], [ 48.90763798200004, 39.838882162000061 ], [ 48.947764539000048, 39.800630725000076 ], [ 48.932598597000037, 39.754798226000048 ], [ 48.94586879700006, 39.690141671000049 ], [ 48.886784811000041, 39.666215469000065 ], [ 48.886468854000043, 39.623713671000075 ], [ 48.824225297000055, 39.643257998000024 ], [ 48.75755834000006, 39.624935355000048 ], [ 48.734645128000068, 39.570397793000041 ], [ 48.736705169000061, 39.537897170000065 ], [ 48.773356197000055, 39.500456463000035 ], [ 48.758190254000056, 39.447564367000041 ], [ 48.854873140000052, 39.384824959000071 ], [ 48.88394119700007, 39.382127849000028 ], [ 48.941129440000054, 39.408604010000033 ], [ 48.946184754000058, 39.474750090000043 ], [ 49.025489996000033, 39.545236099000078 ], [ 48.983783654000035, 39.597075569000026 ], [ 48.991366625000069, 39.62346933200007 ], [ 49.027069783000059, 39.620781542000032 ], [ 49.119329268000058, 39.512204757000063 ], [ 49.171778154000037, 39.504617546000077 ], [ 49.289516423000066, 39.547701804000042 ], [ 49.320050521000041, 39.630935949000047 ], [ 49.361598989000072, 39.678383290000056 ], [ 49.347399449000079, 39.85400502400006 ] ] ] } },
{ "type": "Feature", "properties": { "shapeName": "Sabirabad District", "shapeID": "54616110B21396185337631", "shapeISO": "AZE", "n_total": 0, "n_lodging": 0, "n_food": 0, "n_cultural": 0, "n_natural": 0, "n_beach": 0, "n_eco": 0, "n_camping": 0, "share_lodging": 0.0, "share_cultural": 0.0, "dom_category": "none", "lodging_vs_cultural": -1.0, "area_km2": 1433.349, "density_per_100km2": 0.0 }, "geometry": { "type": "Polygon", "coordinates": [ [ [ 48.50064369100005, 40.166075467000041 ], [ 48.438127493000081, 40.146285800000044 ], [ 48.362047210000071, 40.086274682000067 ], [ 48.339813702000072, 40.039829491000035 ], [ 48.275544971000045, 40.022738175000029 ], [ 48.267388052000058, 40.000171030000047 ], [ 48.293845927000064, 39.986832363000076 ], [ 48.429692656000043, 40.032822573000033 ], [ 48.466600278000044, 40.007010352000066 ], [ 48.459263220000025, 39.951249752000081 ], [ 48.581769846000043, 39.965621900000031 ], [ 48.613786097000059, 39.931739825000079 ], [ 48.668925194000053, 39.921811570000045 ], [ 48.707013972000027, 39.861226359000057 ], [ 48.695897219000074, 39.83873402100005 ], [ 48.71535153700006, 39.762901605000025 ], [ 48.669147530000032, 39.730452838000076 ], [ 48.576739515000043, 39.708185686000036 ], [ 48.561453979000078, 39.681616596000026 ], [ 48.671593216000076, 39.66643270000003 ], [ 48.761328185000082, 39.626767792000066 ], [ 48.824225297000055, 39.643257998000024 ], [ 48.89499969700006, 39.628355953000039 ], [ 48.886784811000041, 39.666215469000065 ], [ 48.94586879700006, 39.690141671000049 ], [ 48.932598597000037, 39.754798226000048 ], [ 48.949660282000082, 39.787469221000038 ], [ 48.90763798200004, 39.838882162000061 ], [ 48.92492715800006, 39.875047779000056 ], [ 48.88832668200007, 39.900594657000056 ], [ 48.906498415000044, 39.934513699000036 ], [ 48.892602633000081, 39.959607959000039 ], [ 48.810990203000074, 40.027334412000073 ], [ 48.683510273000081, 40.061904576000074 ], [ 48.675775906000069, 40.088494709000031 ], [ 48.691546335000055, 40.126139134000027 ], [ 48.678518589000078, 40.13429704400005 ], [ 48.632921475000046, 40.156660444000067 ], [ 48.50064369100005, 40.166075467000041 ] ] ] } },
{ "type": "Feature", "properties": { "shapeName": "Lankaran City", "shapeID": "54616110B92317303093203", "shapeISO": "AZE", "n_total": 10, "n_lodging": 4, "n_food": 1, "n_cultural": 1, "n_natural": 0, "n_beach": 4, "n_eco": 0, "n_camping": 0, "share_lodging": 0.4, "share_cultural": 0.1, "dom_category": "lodging", "lodging_vs_cultural": 0.8, "area_km2": 19.866, "density_per_100km2": 50.3364 }, "geometry": { "type": "Polygon", "coordinates": [ [ [ 48.874980399000037, 38.73997789200007 ], [ 48.835058903000061, 38.763501028000064 ], [ 48.812528948000079, 38.736572580000029 ], [ 48.854426757000056, 38.720472527000027 ], [ 48.874980399000037, 38.73997789200007 ] ] ] } },
{ "type": "Feature", "properties": { "shapeName": "Neftchala District", "shapeID": "54616110B40961788089107", "shapeISO": "AZE", "n_total": 0, "n_lodging": 0, "n_food": 0, "n_cultural": 0, "n_natural": 0, "n_beach": 0, "n_eco": 0, "n_camping": 0, "share_lodging": 0.0, "share_cultural": 0.0, "dom_category": "none", "lodging_vs_cultural": -1.0, "area_km2": 1644.832, "density_per_100km2": 0.0 }, "geometry": { "type": "MultiPolygon", "coordinates": [ [ [ [ 49.169578332000071, 38.962191281000059 ], [ 49.188614893000079, 38.961480484000049 ], [ 49.21549417500006, 39.011533690000078 ], [ 49.21030694500007, 39.06081591700007 ], [ 49.15654838100005, 39.002335409000068 ], [ 49.169578332000071, 38.962191281000059 ] ] ], [ [ [ 48.758190254000056, 39.448587897000039 ], [ 48.712885031000042, 39.393918539000026 ], [ 48.705689499000073, 39.343428958000061 ], [ 48.737133972000038, 39.258857602000035 ], [ 48.729488720000063, 39.176997611000047 ], [ 48.768614422000041, 39.163344926000036 ], [ 48.836971972000072, 39.168246198000077 ], [ 48.928265278000026, 39.256060559000048 ], [ 49.02405579200007, 39.295208931000047 ], [ 49.062282053000047, 39.234379657000034 ], [ 49.102756918000068, 39.234029910000061 ], [ 49.214737378000052, 39.193447297000034 ], [ 49.199446873000056, 39.102750808000053 ], [ 49.209790450000071, 39.093289181000046 ], [ 49.245318387000054, 39.150039740000068 ], [ 49.252963639000029, 39.285074415000054 ], [ 49.285793252000076, 39.33154124400005 ], [ 49.32536867500005, 39.329445666000026 ], [ 49.398475275000067, 39.284403387000054 ], [ 49.436755503000029, 39.280153399000028 ], [ 49.452873494000073, 39.301177120000034 ], [ 49.400022314000068, 39.401008707000074 ], [ 49.34020945900005, 39.441121459000044 ], [ 49.30063403500003, 39.490271420000056 ], [ 49.290270472000032, 39.550461402000053 ], [ 49.171778154000037, 39.504617546000077 ], [ 49.119329268000058, 39.512204757000063 ], [ 49.016011283000068, 39.625179689000049 ], [ 48.991366625000069, 39.62346933200007 ], [ 48.983783654000035, 39.597075569000026 ], [ 49.025489996000033, 39.545236099000078 ], [ 48.946184754000058, 39.474750090000043 ], [ 48.941129440000054, 39.408604010000033 ], [ 48.88394119700007, 39.382127849000028 ], [ 48.854873140000052, 39.384824959000071 ], [ 48.758190254000056, 39.448587897000039 ] ] ] ] } },
{ "type": "Feature", "properties": { "shapeName": "Lankaran District", "shapeID": "54616110B17009633679109", "shapeISO": "AZE", "n_total": 2, "n_lodging": 0, "n_food": 0, "n_cultural": 0, "n_natural": 2, "n_beach": 0, "n_eco": 0, "n_camping": 0, "share_lodging": 0.0, "share_cultural": 0.0, "dom_category": "natural", "lodging_vs_cultural": -1.0, "area_km2": 541.568, "density_per_100km2": 0.3693 }, "geometry": { "type": "MultiPolygon", "coordinates": [ [ [ [ 49.19693678200008, 39.052396377000036 ], [ 49.061612642000057, 38.972421628000063 ], [ 49.062216247000038, 38.961583571000062 ], [ 49.091792889000033, 38.947444463000068 ], [ 49.163018271000055, 38.954750025000067 ], [ 49.15654838100005, 39.002335409000068 ], [ 49.19693678200008, 39.052396377000036 ] ] ], [ [ [ 48.834992999000065, 39.167390358000034 ], [ 48.823816442000066, 39.109054190000052 ], [ 48.875002140000049, 39.073079011000061 ], [ 48.86688969100004, 39.027594381000029 ], [ 48.91040960600003, 38.976426574000072 ], [ 48.90497716200008, 38.942495104000045 ], [ 48.855783360000032, 38.906896595000035 ], [ 48.858518444000026, 38.865691254000069 ], [ 48.889170258000036, 38.854261536000024 ], [ 48.933497494000051, 38.954853121000042 ], [ 48.945116890000065, 39.137847337000039 ], [ 49.06372525900008, 39.195172583000044 ], [ 49.073684741000079, 39.160172191000072 ], [ 49.105374, 39.145838105000053 ], [ 49.101148765000062, 39.111988587000042 ], [ 49.169054320000043, 39.12750498500003 ], [ 49.200350268000079, 39.10697404900003 ], [ 49.214737378000052, 39.193447297000034 ], [ 49.102756918000068, 39.234029910000061 ], [ 49.062282053000047, 39.234379657000034 ], [ 49.038446855000075, 39.282278426000062 ], [ 49.009215008000069, 39.296257245000049 ], [ 48.928265278000026, 39.256060559000048 ], [ 48.834992999000065, 39.167390358000034 ] ] ] ] } },
{ "type": "Feature", "properties": { "shapeName": "Shaki District", "shapeID": "54616110B25010354244926", "shapeISO": "AZE", "n_total": 7, "n_lodging": 6, "n_food": 0, "n_cultural": 1, "n_natural": 0, "n_beach": 0, "n_eco": 0, "n_camping": 0, "share_lodging": 0.8571428571428571, "share_cultural": 0.14285714285714285, "dom_category": "lodging", "lodging_vs_cultural": 0.8571428571428571, "area_km2": 2309.603, "density_per_100km2": 0.3031 }, "geometry": { "type": "Polygon", "coordinates": [ [ [ 47.606558076000056, 40.82413383200003 ], [ 47.494185941000069, 40.85646805600004 ], [ 47.416351164000048, 40.907423876000053 ], [ 47.394957429000044, 40.92685242400006 ], [ 47.387123104000068, 40.966377460000047 ], [ 47.35668976200003, 40.971173674000056 ], [ 47.350964679000072, 41.001541539000073 ], [ 47.314504932000034, 41.022311432000038 ], [ 47.315710214000035, 41.071356946000037 ], [ 47.388931025000034, 41.173435745000063 ], [ 47.402431688000036, 41.266461347000075 ], [ 47.275545643000044, 41.327330481000047 ], [ 47.259550111000067, 41.383498486000065 ], [ 47.233293297000046, 41.390544462000037 ], [ 47.229671667000048, 41.43030570500008 ], [ 47.211865322000051, 41.44824703300003 ], [ 47.117099347000078, 41.387589792000028 ], [ 46.943273198000043, 41.333072318000063 ], [ 46.903869868000072, 41.306100771000047 ], [ 46.87605575300006, 41.256885554000064 ], [ 46.843434260000038, 41.249111312000025 ], [ 46.85236224700003, 41.226560739000035 ], [ 46.830729046000044, 41.137578087000065 ], [ 46.948853191000069, 41.093690529000071 ], [ 46.971731159000058, 41.017775220000033 ], [ 46.930417754000075, 41.001111760000072 ], [ 46.959390791000033, 40.982411115000048 ], [ 46.974413847000051, 40.937263637000058 ], [ 47.02055609100006, 40.904705621000062 ], [ 47.231415415000072, 40.817941120000057 ], [ 47.424032456000077, 40.78206132400004 ], [ 47.448176653000075, 40.795518537000078 ], [ 47.520609246000049, 40.766153800000041 ], [ 47.613800273000038, 40.792343993000031 ], [ 47.606558076000056, 40.82413383200003 ] ], [ [ 47.20746272000008, 41.185855296000057 ], [ 47.152938396000081, 41.198979908000069 ], [ 47.162644600000078, 41.227686926000047 ], [ 47.193178698000054, 41.235014343000046 ], [ 47.220881821000035, 41.22127475700006 ], [ 47.222701734000054, 41.196841644000074 ], [ 47.20746272000008, 41.185855296000057 ] ] ] } },
{ "type": "Feature", "properties": { "shapeName": "Mingachevir City", "shapeID": "54616110B16521863868797", "shapeISO": "AZE", "n_total": 10, "n_lodging": 5, "n_food": 4, "n_cultural": 0, "n_natural": 1, "n_beach": 0, "n_eco": 0, "n_camping": 0, "share_lodging": 0.5, "share_cultural": 0.0, "dom_category": "lodging", "lodging_vs_cultural": 1.0, "area_km2": 44.007, "density_per_100km2": 22.7238 }, "geometry": { "type": "Polygon", "coordinates": [ [ [ 47.055461949000062, 40.797844785000052 ], [ 47.022806206000041, 40.788319091000062 ], [ 46.977838167000073, 40.803885927000067 ], [ 46.977838167000073, 40.764110222000056 ], [ 47.014644746000045, 40.738918698000077 ], [ 47.042649753000035, 40.739770742000076 ], [ 47.071774960000027, 40.770072024000058 ], [ 47.055461949000062, 40.797844785000052 ] ] ] } },
{ "type": "Feature", "properties": { "shapeName": "Yevlakh District", "shapeID": "54616110B52362464060400", "shapeISO": "AZE", "n_total": 0, "n_lodging": 0, "n_food": 0, "n_cultural": 0, "n_natural": 0, "n_beach": 0, "n_eco": 0, "n_camping": 0, "share_lodging": 0.0, "share_cultural": 0.0, "dom_category": "none", "lodging_vs_cultural": -1.0, "area_km2": 1280.121, "density_per_100km2": 0.0 }, "geometry": { "type": "Polygon", "coordinates": [ [ [ 46.976485945000036, 40.935638094000069 ], [ 46.949018015000036, 40.92641257300005 ], [ 46.845562020000045, 40.967174324000041 ], [ 46.971209482000063, 40.88325334700005 ], [ 47.076228256000036, 40.848847937000073 ], [ 47.17603359800006, 40.791177340000047 ], [ 47.059412750000035, 40.800146574000053 ], [ 47.067934273000049, 40.755592425000032 ], [ 47.026006778000067, 40.736362499000052 ], [ 46.983119111000065, 40.755470734000028 ], [ 46.97724142900006, 40.802374426000029 ], [ 46.929189471000029, 40.834036204000029 ], [ 46.809368050000046, 40.872767537000072 ], [ 46.789764545000025, 40.867300968000052 ], [ 46.764297493000072, 40.769290709000074 ], [ 46.780862954000042, 40.748376154000027 ], [ 46.851500582000028, 40.726503849000039 ], [ 46.853063361000068, 40.707716412000025 ], [ 46.804929756000035, 40.672981267000068 ], [ 46.803679532000046, 40.646322761000079 ], [ 46.876192496000044, 40.660843457000055 ], [ 46.91901265100006, 40.646798900000078 ], [ 46.93026466200007, 40.632989483000074 ], [ 46.917137315000048, 40.556509451000068 ], [ 46.934327889000031, 40.541965895000033 ], [ 46.98214893800008, 40.54792675300007 ], [ 47.005473420000044, 40.535766034000062 ], [ 46.975682938000034, 40.48581820000004 ], [ 46.976659675000064, 40.463068336000049 ], [ 47.005473420000044, 40.433967030000076 ], [ 47.038194113000031, 40.451130875000047 ], [ 47.066077942000049, 40.499840490000054 ], [ 47.098219688000029, 40.502448580000078 ], [ 47.125624587000061, 40.483511643000043 ], [ 47.173433134000049, 40.498783787000036 ], [ 47.253759993000074, 40.583680679000054 ], [ 47.279077019000056, 40.626559979000035 ], [ 47.251122803000044, 40.665678023000055 ], [ 47.315992701000027, 40.800803348000045 ], [ 47.167567426000062, 40.841171013000064 ], [ 46.976485945000036, 40.935638094000069 ] ], [ [ 47.193975932000058, 40.595477402000029 ], [ 47.149020528000051, 40.593858191000038 ], [ 47.130695014000025, 40.618179738000038 ], [ 47.181248157000027, 40.634308913000041 ], [ 47.203049200000066, 40.614086637000071 ], [ 47.193975932000058, 40.595477402000029 ] ] ] } },
{ "type": "Feature", "properties": { "shapeName": "Qakh District", "shapeID": "54616110B49356278605879", "shapeISO": "AZE", "n_total": 10, "n_lodging": 3, "n_food": 1, "n_cultural": 3, "n_natural": 3, "n_beach": 0, "n_eco": 0, "n_camping": 0, "share_lodging": 0.3, "share_cultural": 0.3, "dom_category": "lodging", "lodging_vs_cultural": 0.5, "area_km2": 1476.235, "density_per_100km2": 0.6774 }, "geometry": { "type": "Polygon", "coordinates": [ [ [ 47.210467339000047, 41.448327943000038 ], [ 47.20033247300006, 41.486454575000039 ], [ 47.105100605000075, 41.585895952000044 ], [ 46.981836381000051, 41.521316952000063 ], [ 46.866190708000033, 41.543158706000042 ], [ 46.778987618000031, 41.531416751000052 ], [ 46.651464822000037, 41.374573677000058 ], [ 46.693405914000039, 41.30920784500006 ], [ 46.736870714000077, 41.283057740000061 ], [ 46.725638238000045, 41.253580176000071 ], [ 46.669964223000079, 41.215608067000062 ], [ 46.655313166000042, 41.107099424000069 ], [ 46.74224276800004, 41.100080734000073 ], [ 46.818569695000065, 40.984125639000069 ], [ 46.949018015000036, 40.92641257300005 ], [ 46.976485945000036, 40.935638094000069 ], [ 46.959390791000033, 40.982411115000048 ], [ 46.930417754000075, 41.001111760000072 ], [ 46.971731159000058, 41.017775220000033 ], [ 46.948853191000069, 41.093690529000071 ], [ 46.830729046000044, 41.137578087000065 ], [ 46.85236224700003, 41.226560739000035 ], [ 46.843434260000038, 41.249111312000025 ], [ 46.87605575300006, 41.256885554000064 ], [ 46.903869868000072, 41.306100771000047 ], [ 46.943273198000043, 41.333072318000063 ], [ 47.117099347000078, 41.387589792000028 ], [ 47.210467339000047, 41.448327943000038 ] ] ] } },
{ "type": "Feature", "properties": { "shapeName": "Zaqatala District", "shapeID": "54616110B4759617374649", "shapeISO": "AZE", "n_total": 5, "n_lodging": 4, "n_food": 0, "n_cultural": 0, "n_natural": 1, "n_beach": 0, "n_eco": 0, "n_camping": 0, "share_lodging": 0.8, "share_cultural": 0.0, "dom_category": "lodging", "lodging_vs_cultural": 1.0, "area_km2": 1420.68, "density_per_100km2": 0.3519 }, "geometry": { "type": "Polygon", "coordinates": [ [ [ 47.057390455000075, 41.553744033000044 ], [ 47.001202344000035, 41.598617433000072 ], [ 46.999652066000067, 41.641706326000076 ], [ 46.927139104000048, 41.684128915000031 ], [ 46.928389327000048, 41.706617865000055 ], [ 46.905572748000054, 41.730503694000049 ], [ 46.851813137000079, 41.728630619000057 ], [ 46.824308221000081, 41.766081665000058 ], [ 46.774924392000059, 41.794623297000044 ], [ 46.747126454000067, 41.861394579000034 ], [ 46.727103343000067, 41.808070859000054 ], [ 46.585476463000077, 41.713365932000045 ], [ 46.527692695000042, 41.618959981000046 ], [ 46.368601754000053, 41.566636174000053 ], [ 46.324843932000078, 41.575320659000056 ], [ 46.307028247000062, 41.562176116000046 ], [ 46.347347955000032, 41.494298056000048 ], [ 46.43830171500008, 41.461390154000071 ], [ 46.462993629000039, 41.433405202000074 ], [ 46.53706937100003, 41.397171330000049 ], [ 46.651769094000031, 41.374911737000048 ], [ 46.778987618000031, 41.531416751000052 ], [ 46.866190708000033, 41.543158706000042 ], [ 46.960582582000029, 41.518967933000056 ], [ 47.057390455000075, 41.553744033000044 ] ] ] } },
{ "type": "Feature", "properties": { "shapeName": "Balakan District", "shapeID": "54616110B63924922129682", "shapeISO": "AZE", "n_total": 2, "n_lodging": 0, "n_food": 0, "n_cultural": 0, "n_natural": 2, "n_beach": 0, "n_eco": 0, "n_camping": 0, "share_lodging": 0.0, "share_cultural": 0.0, "dom_category": "natural", "lodging_vs_cultural": -1.0, "area_km2": 969.435, "density_per_100km2": 0.2063 }, "geometry": { "type": "Polygon", "coordinates": [ [ [ 46.746277173000067, 41.860649286000069 ], [ 46.727556980000031, 41.865833701000042 ], [ 46.688865619000069, 41.837245991000032 ], [ 46.616490014000078, 41.840309576000038 ], [ 46.560501338000051, 41.814604926000072 ], [ 46.539790080000046, 41.838607602000025 ], [ 46.539334887000052, 41.884885022000049 ], [ 46.420757245000061, 41.921440723000046 ], [ 46.378424344000052, 41.835320538000076 ], [ 46.178566394000029, 41.757082939000043 ], [ 46.177499536000028, 41.716062943000054 ], [ 46.205168980000053, 41.664684913000031 ], [ 46.21303470600003, 41.607534453000028 ], [ 46.240127763000032, 41.599662705000071 ], [ 46.266929496000046, 41.615186613000049 ], [ 46.368601754000053, 41.566636174000053 ], [ 46.527692695000042, 41.618959981000046 ], [ 46.585476463000077, 41.713365932000045 ], [ 46.727103343000067, 41.808070859000054 ], [ 46.746277173000067, 41.860649286000069 ] ] ] } },
{ "type": "Feature", "properties": { "shapeName": "Masally District", "shapeID": "54616110B86237771899826", "shapeISO": "AZE", "n_total": 13, "n_lodging": 8, "n_food": 1, "n_cultural": 3, "n_natural": 1, "n_beach": 0, "n_eco": 0, "n_camping": 0, "share_lodging": 0.61538461538461542, "share_cultural": 0.23076923076923078, "dom_category": "lodging", "lodging_vs_cultural": 0.72727272727272729, "area_km2": 780.519, "density_per_100km2": 1.6656 }, "geometry": { "type": "Polygon", "coordinates": [ [ [ 48.768614422000041, 39.163344926000036 ], [ 48.696694383000079, 39.19766909100008 ], [ 48.687388225000063, 39.174682407000034 ], [ 48.646926671000074, 39.169958177000069 ], [ 48.640452823000032, 39.125219620000053 ], [ 48.557911251000064, 39.076037178000036 ], [ 48.515831235000064, 39.031554063000044 ], [ 48.470918911000069, 39.030607307000025 ], [ 48.459589675000075, 39.012300842000059 ], [ 48.47617891200008, 38.981674180000027 ], [ 48.520282006000059, 38.976621076000072 ], [ 48.566408179000064, 38.943451058000051 ], [ 48.575358274000052, 38.90363902200005 ], [ 48.631810235000046, 38.864373873000034 ], [ 48.665215293000074, 38.86113453300004 ], [ 48.790290050000067, 38.935399440000026 ], [ 48.835089083000071, 38.921442805000027 ], [ 48.867717281000068, 38.98068885400005 ], [ 48.893889347000027, 38.989812803000063 ], [ 48.86688969100004, 39.027594381000029 ], [ 48.875002140000049, 39.073079011000061 ], [ 48.823816442000066, 39.109054190000052 ], [ 48.834992999000065, 39.167390358000034 ], [ 48.768614422000041, 39.163344926000036 ] ] ] } },
{ "type": "Feature", "properties": { "shapeName": "Lankaran District", "shapeID": "54616110B2076465815790", "shapeISO": "AZE", "n_total": 15, "n_lodging": 10, "n_food": 3, "n_cultural": 0, "n_natural": 2, "n_beach": 0, "n_eco": 0, "n_camping": 0, "share_lodging": 0.66666666666666663, "share_cultural": 0.0, "dom_category": "lodging", "lodging_vs_cultural": 1.0, "area_km2": 607.648, "density_per_100km2": 2.4685 }, "geometry": { "type": "Polygon", "coordinates": [ [ [ 48.869951146000062, 38.753268322000054 ], [ 48.83480135700006, 38.840975301000071 ], [ 48.832736681000029, 38.922177863000059 ], [ 48.815149629000075, 38.936410683000076 ], [ 48.782262478000064, 38.931961106000074 ], [ 48.665215293000074, 38.86113453300004 ], [ 48.624041616000056, 38.867005726000059 ], [ 48.57799960400007, 38.901498668000045 ], [ 48.550757649000047, 38.874810732000071 ], [ 48.552599099000076, 38.821530587000041 ], [ 48.642369801000029, 38.762443448000056 ], [ 48.661705029000075, 38.689958346000026 ], [ 48.696232222000049, 38.665058309000074 ], [ 48.658022129000074, 38.627511320000053 ], [ 48.688866421000057, 38.603311890000043 ], [ 48.875313263000066, 38.637983148000046 ], [ 48.867227090000029, 38.728780854000036 ], [ 48.841778362000071, 38.718614593000041 ], [ 48.812528948000079, 38.736572580000029 ], [ 48.835058903000061, 38.763501028000064 ], [ 48.869951146000062, 38.753268322000054 ] ] ] } },
{ "type": "Feature", "properties": { "shapeName": "Astara District", "shapeID": "54616110B5213879595332", "shapeISO": "AZE", "n_total": 9, "n_lodging": 5, "n_food": 2, "n_cultural": 1, "n_natural": 1, "n_beach": 0, "n_eco": 0, "n_camping": 0, "share_lodging": 0.55555555555555558, "share_cultural": 0.1111111111111111, "dom_category": "lodging", "lodging_vs_cultural": 0.83333333333333337, "area_km2": 650.389, "density_per_100km2": 1.3838 }, "geometry": { "type": "Polygon", "coordinates": [ [ [ 48.663641587000029, 38.622343022000052 ], [ 48.622242749000065, 38.605089203000034 ], [ 48.563316340000029, 38.605782776000069 ], [ 48.513228892000029, 38.541482938000058 ], [ 48.591895649000037, 38.415259191000075 ], [ 48.685294007000039, 38.391147145000048 ], [ 48.774567517000037, 38.410391067000035 ], [ 48.82730665400004, 38.443765854000048 ], [ 48.880837614000029, 38.43766858400005 ], [ 48.87231089800008, 38.636413257000072 ], [ 48.776795673000038, 38.629316918000029 ], [ 48.707741286000044, 38.601866888000075 ], [ 48.663641587000029, 38.622343022000052 ] ] ] } },
{ "type": "Feature", "properties": { "shapeName": "Lerik District", "shapeID": "54616110B59366301344355", "shapeISO": "AZE", "n_total": 16, "n_lodging": 8, "n_food": 1, "n_cultural": 1, "n_natural": 6, "n_beach": 0, "n_eco": 0, "n_camping": 0, "share_lodging": 0.5, "share_cultural": 0.0625, "dom_category": "lodging", "lodging_vs_cultural": 0.88888888888888884, "area_km2": 1123.835, "density_per_100km2": 1.4237 }, "geometry": { "type": "Polygon", "coordinates": [ [ [ 48.533867692000058, 38.96934073400007 ], [ 48.313604075000057, 38.874091709000027 ], [ 48.264481964000026, 38.828916033000041 ], [ 48.256140473000073, 38.788547532000052 ], [ 48.224319231000038, 38.747430166000072 ], [ 48.26139252300004, 38.697331475000055 ], [ 48.232660722000048, 38.674569656000074 ], [ 48.353148918000045, 38.591451326000026 ], [ 48.450157364000063, 38.60599798700008 ], [ 48.511265453000078, 38.535735067000076 ], [ 48.563316340000029, 38.605782776000069 ], [ 48.634322664000081, 38.608557003000044 ], [ 48.696232222000049, 38.665058309000074 ], [ 48.661705029000075, 38.689958346000026 ], [ 48.642369801000029, 38.762443448000056 ], [ 48.552599099000076, 38.821530587000041 ], [ 48.550757649000047, 38.874810732000071 ], [ 48.577332798000043, 38.912794371000075 ], [ 48.566408179000064, 38.943451058000051 ], [ 48.533867692000058, 38.96934073400007 ] ] ] } },
{ "type": "Feature", "properties": { "shapeName": "Yardymli District", "shapeID": "54616110B63590673188827", "shapeISO": "AZE", "n_total": 1, "n_lodging": 0, "n_food": 0, "n_cultural": 1, "n_natural": 0, "n_beach": 0, "n_eco": 0, "n_camping": 0, "share_lodging": 0.0, "share_cultural": 1.0, "dom_category": "cultural", "lodging_vs_cultural": 0.0, "area_km2": 677.909, "density_per_100km2": 0.1475 }, "geometry": { "type": "Polygon", "coordinates": [ [ [ 48.469596296000077, 39.02940376500004 ], [ 48.404124694000075, 39.073291506000032 ], [ 48.346043205000058, 39.06438060000005 ], [ 48.341100099000073, 39.025592911000047 ], [ 48.282091777000062, 38.974003375000052 ], [ 48.080660228000056, 38.939750139000068 ], [ 48.046676378000029, 38.906928577000031 ], [ 48.013310416000081, 38.907411358000047 ], [ 48.021342963000052, 38.827466067000046 ], [ 48.049765819000072, 38.801603343000068 ], [ 48.100432651000062, 38.79144903200006 ], [ 48.108774140000037, 38.770652321000057 ], [ 48.225108976000058, 38.738152709000076 ], [ 48.264481964000026, 38.828916033000041 ], [ 48.313604075000057, 38.874091709000027 ], [ 48.533867692000058, 38.96934073400007 ], [ 48.471323526000049, 38.984832186000062 ], [ 48.459589675000075, 39.012300842000059 ], [ 48.469596296000077, 39.02940376500004 ] ] ] } },
{ "type": "Feature", "properties": { "shapeName": "Jalilabad District", "shapeID": "54616110B78302808254353", "shapeISO": "AZE", "n_total": 1, "n_lodging": 0, "n_food": 0, "n_cultural": 0, "n_natural": 1, "n_beach": 0, "n_eco": 0, "n_camping": 0, "share_lodging": 0.0, "share_cultural": 0.0, "dom_category": "natural", "lodging_vs_cultural": -1.0, "area_km2": 1468.622, "density_per_100km2": 0.0681 }, "geometry": { "type": "Polygon", "coordinates": [ [ [ 48.740052963000039, 39.438830949000078 ], [ 48.68243869500003, 39.453554947000043 ], [ 48.639778350000029, 39.406041603000062 ], [ 48.643321569000079, 39.361261898000066 ], [ 48.619531390000077, 39.338861186000031 ], [ 48.566383120000069, 39.359690154000077 ], [ 48.53955589800006, 39.423709829000074 ], [ 48.51374102300008, 39.422139503000039 ], [ 48.487926150000078, 39.389547186000073 ], [ 48.380111087000046, 39.338075065000055 ], [ 48.35075299500005, 39.339254243000028 ], [ 48.332530731000077, 39.377370214000052 ], [ 48.300641769000038, 39.372655973000064 ], [ 48.144234003000065, 39.29561128000006 ], [ 48.128481867000062, 39.266453510000076 ], [ 48.134960894000073, 39.230937845000028 ], [ 48.227390697000033, 39.148118544000056 ], [ 48.277149626000039, 39.135363723000069 ], [ 48.336156993000031, 39.044927158000064 ], [ 48.346043205000058, 39.06438060000005 ], [ 48.388677489000031, 39.076422096000044 ], [ 48.469596296000077, 39.02940376500004 ], [ 48.515831235000064, 39.031554063000044 ], [ 48.557911251000064, 39.076037178000036 ], [ 48.640452823000032, 39.125219620000053 ], [ 48.646926671000074, 39.169958177000069 ], [ 48.687388225000063, 39.174682407000034 ], [ 48.696694383000079, 39.19766909100008 ], [ 48.728923782000038, 39.183592986000065 ], [ 48.737133972000038, 39.258857602000035 ], [ 48.708855533000076, 39.314369609000039 ], [ 48.705113856000025, 39.36108215400003 ], [ 48.740052963000039, 39.438830949000078 ] ] ] } },
{ "type": "Feature", "properties": { "shapeName": "Bilasuvar District", "shapeID": "54616110B16304773097912", "shapeISO": "AZE", "n_total": 0, "n_lodging": 0, "n_food": 0, "n_cultural": 0, "n_natural": 0, "n_beach": 0, "n_eco": 0, "n_camping": 0, "share_lodging": 0.0, "share_cultural": 0.0, "dom_category": "none", "lodging_vs_cultural": -1.0, "area_km2": 1377.915, "density_per_100km2": 0.0 }, "geometry": { "type": "Polygon", "coordinates": [ [ [ 48.761328185000082, 39.626767792000066 ], [ 48.612521566000055, 39.679469149000056 ], [ 48.563264304000029, 39.654417436000074 ], [ 48.508114252000041, 39.652831058000061 ], [ 48.483208899000033, 39.687131665000038 ], [ 48.44592043800003, 39.698418078000032 ], [ 48.343907625000043, 39.611384013000077 ], [ 48.282600803000037, 39.596585043000061 ], [ 48.054330720000053, 39.737214363000078 ], [ 47.99345869900003, 39.749465844000042 ], [ 47.958457286000055, 39.72177101300008 ], [ 48.032360575000041, 39.691851411000073 ], [ 48.374574623000058, 39.394895157000065 ], [ 48.372536498000045, 39.380661248000024 ], [ 48.334607151000057, 39.375275228000078 ], [ 48.35075299500005, 39.339254243000028 ], [ 48.380111087000046, 39.338075065000055 ], [ 48.487926150000078, 39.389547186000073 ], [ 48.51374102300008, 39.422139503000039 ], [ 48.53955589800006, 39.423709829000074 ], [ 48.566383120000069, 39.359690154000077 ], [ 48.619531390000077, 39.338861186000031 ], [ 48.643321569000079, 39.361261898000066 ], [ 48.639778350000029, 39.406041603000062 ], [ 48.68243869500003, 39.453554947000043 ], [ 48.740052963000039, 39.438830949000078 ], [ 48.758190254000056, 39.448587897000039 ], [ 48.773356197000055, 39.500456463000035 ], [ 48.736705169000061, 39.537897170000065 ], [ 48.734645128000068, 39.570397793000041 ], [ 48.761328185000082, 39.626767792000066 ] ] ] } },
{ "type": "Feature", "properties": { "shapeName": "Saatly District", "shapeID": "54616110B939777630101", "shapeISO": "AZE", "n_total": 0, "n_lodging": 0, "n_food": 0, "n_cultural": 0, "n_natural": 0, "n_beach": 0, "n_eco": 0, "n_camping": 0, "share_lodging": 0.0, "share_cultural": 0.0, "dom_category": "none", "lodging_vs_cultural": -1.0, "area_km2": 1104.362, "density_per_100km2": 0.0 }, "geometry": { "type": "Polygon", "coordinates": [ [ [ 48.272405572000025, 39.995063556000048 ], [ 48.249555991000079, 39.980655927000043 ], [ 48.268687198000066, 39.936489004000066 ], [ 48.234623323000051, 39.834431457000051 ], [ 48.252966455000035, 39.815573323000081 ], [ 48.357250555000064, 39.783345275000045 ], [ 48.34716862700003, 39.691545679000058 ], [ 48.368256434000045, 39.673068073000024 ], [ 48.398823113000049, 39.659276342000055 ], [ 48.432285105000062, 39.695301064000034 ], [ 48.456355641000073, 39.698095634000026 ], [ 48.492391879000081, 39.680358923000028 ], [ 48.508114252000041, 39.652831058000061 ], [ 48.563264304000029, 39.654417436000074 ], [ 48.582129124000062, 39.669816638000043 ], [ 48.561453979000078, 39.681616596000026 ], [ 48.566317558000037, 39.70120894300004 ], [ 48.685127863000048, 39.736890181000035 ], [ 48.71535153700006, 39.762901605000025 ], [ 48.695897219000074, 39.83873402100005 ], [ 48.707013972000027, 39.861226359000057 ], [ 48.668925194000053, 39.921811570000045 ], [ 48.613786097000059, 39.931739825000079 ], [ 48.581769846000043, 39.965621900000031 ], [ 48.459263220000025, 39.951249752000081 ], [ 48.466600278000044, 40.007010352000066 ], [ 48.429692656000043, 40.032822573000033 ], [ 48.293845927000064, 39.986832363000076 ], [ 48.272405572000025, 39.995063556000048 ] ] ] } },
{ "type": "Feature", "properties": { "shapeName": "Agdash District", "shapeID": "54616110B75800990015815", "shapeISO": "AZE", "n_total": 1, "n_lodging": 0, "n_food": 0, "n_cultural": 0, "n_natural": 1, "n_beach": 0, "n_eco": 0, "n_camping": 0, "share_lodging": 0.0, "share_cultural": 0.0, "dom_category": "natural", "lodging_vs_cultural": -1.0, "area_km2": 1177.524, "density_per_100km2": 0.0849 }, "geometry": { "type": "Polygon", "coordinates": [ [ [ 47.553668320000043, 40.770841197000038 ], [ 47.520609246000049, 40.766153800000041 ], [ 47.448176653000075, 40.795518537000078 ], [ 47.424032456000077, 40.78206132400004 ], [ 47.315992701000027, 40.800803348000045 ], [ 47.251122803000044, 40.665678023000055 ], [ 47.279077019000056, 40.626559979000035 ], [ 47.224295190000078, 40.554634281000062 ], [ 47.242486362000079, 40.512138313000037 ], [ 47.312827364000043, 40.455182818000026 ], [ 47.370800719000044, 40.385767120000025 ], [ 47.369579413000054, 40.369474996000065 ], [ 47.455163544000072, 40.312125437000077 ], [ 47.504386786000055, 40.332951090000051 ], [ 47.568451208000056, 40.396523893000051 ], [ 47.495729433000065, 40.462870226000064 ], [ 47.515270318000034, 40.536133558000074 ], [ 47.583369684000047, 40.559907914000064 ], [ 47.614288806000047, 40.552243500000031 ], [ 47.647913352000046, 40.594681448000074 ], [ 47.653710687000057, 40.625903158000028 ], [ 47.638448852000067, 40.660922780000078 ], [ 47.579088184000057, 40.679540296000027 ], [ 47.553668320000043, 40.770841197000038 ] ] ] } },
{ "type": "Feature", "properties": { "shapeName": "Goychay District", "shapeID": "54616110B88730523237575", "shapeISO": "AZE", "n_total": 0, "n_lodging": 0, "n_food": 0, "n_cultural": 0, "n_natural": 0, "n_beach": 0, "n_eco": 0, "n_camping": 0, "share_lodging": 0.0, "share_cultural": 0.0, "dom_category": "none", "lodging_vs_cultural": -1.0, "area_km2": 702.119, "density_per_100km2": 0.0 }, "geometry": { "type": "Polygon", "coordinates": [ [ [ 47.638448852000067, 40.660922780000078 ], [ 47.653710687000057, 40.625903158000028 ], [ 47.647913352000046, 40.594681448000074 ], [ 47.617292378000059, 40.55359115400006 ], [ 47.656416111000055, 40.513613197000041 ], [ 47.693132568000067, 40.530129660000057 ], [ 47.777000688000044, 40.489420976000076 ], [ 47.811011722000046, 40.516857825000045 ], [ 47.965607333000037, 40.469942802000048 ], [ 48.047156518000065, 40.464039201000048 ], [ 48.06879990300007, 40.475255596000068 ], [ 48.079511346000061, 40.53025690700008 ], [ 48.05730077000004, 40.53648690600005 ], [ 48.054215251000073, 40.559500774000071 ], [ 48.088841630000047, 40.602891600000078 ], [ 48.062786137000046, 40.634763158000055 ], [ 47.970220568000059, 40.661659182000051 ], [ 47.77331534800004, 40.68401736900006 ], [ 47.638448852000067, 40.660922780000078 ] ] ] } },
{ "type": "Feature", "properties": { "shapeName": "Ujar District", "shapeID": "54616110B8701125158325", "shapeISO": "AZE", "n_total": 0, "n_lodging": 0, "n_food": 0, "n_cultural": 0, "n_natural": 0, "n_beach": 0, "n_eco": 0, "n_camping": 0, "share_lodging": 0.0, "share_cultural": 0.0, "dom_category": "none", "lodging_vs_cultural": -1.0, "area_km2": 766.449, "density_per_100km2": 0.0 }, "geometry": { "type": "Polygon", "coordinates": [ [ [ 47.568451208000056, 40.398510293000072 ], [ 47.662986424000053, 40.361232839000024 ], [ 47.700862349000033, 40.316870942000037 ], [ 47.959665065000081, 40.334175579000032 ], [ 48.012807305000081, 40.383605952000039 ], [ 48.027387543000032, 40.465830604000075 ], [ 47.944350436000036, 40.474370159000046 ], [ 47.811011722000046, 40.516857825000045 ], [ 47.777000688000044, 40.489420976000076 ], [ 47.693132568000067, 40.530129660000057 ], [ 47.656416111000055, 40.513613197000041 ], [ 47.617292378000059, 40.55359115400006 ], [ 47.583369684000047, 40.559907914000064 ], [ 47.515270318000034, 40.536133558000074 ], [ 47.495729433000065, 40.462870226000064 ], [ 47.568451208000056, 40.398510293000072 ] ] ] } },
{ "type": "Feature", "properties": { "shapeName": "Kurdamir District", "shapeID": "54616110B82810927503709", "shapeISO": "AZE", "n_total": 0, "n_lodging": 0, "n_food": 0, "n_cultural": 0, "n_natural": 0, "n_beach": 0, "n_eco": 0, "n_camping": 0, "share_lodging": 0.0, "share_cultural": 0.0, "dom_category": "none", "lodging_vs_cultural": -1.0, "area_km2": 1679.915, "density_per_100km2": 0.0 }, "geometry": { "type": "Polygon", "coordinates": [ [ [ 48.079511346000061, 40.53025690700008 ], [ 48.06879990300007, 40.475255596000068 ], [ 48.027387543000032, 40.465830604000075 ], [ 48.012807305000081, 40.383605952000039 ], [ 47.963402820000056, 40.335605755000074 ], [ 47.972950625000067, 40.184739057000058 ], [ 47.949398949000056, 40.147212105000051 ], [ 47.884178926000061, 40.127281895000067 ], [ 47.887198371000068, 40.091114385000026 ], [ 47.908334490000072, 40.076734737000038 ], [ 47.951814506000062, 40.091114385000026 ], [ 47.991067298000075, 40.078590348000034 ], [ 47.993482854000035, 40.118937267000035 ], [ 48.010995639000043, 40.116619132000039 ], [ 48.033339536000028, 40.149529190000067 ], [ 48.073196216000042, 40.15462649400007 ], [ 48.102182894000066, 40.114300916000047 ], [ 48.128150126000037, 40.114300916000047 ], [ 48.158948470000041, 40.080445907000069 ], [ 48.193370149000032, 40.075806913000065 ], [ 48.275279156000067, 40.022515234000025 ], [ 48.339813702000072, 40.039829491000035 ], [ 48.382196326000042, 40.106284318000064 ], [ 48.438127493000081, 40.146285800000044 ], [ 48.50064369100005, 40.166075467000041 ], [ 48.484130894000032, 40.192952278000064 ], [ 48.48653074200007, 40.263376183000048 ], [ 48.470760312000039, 40.30171038900005 ], [ 48.366915992000031, 40.381191951000062 ], [ 48.357708986000034, 40.453481794000027 ], [ 48.266475922000041, 40.459875355000065 ], [ 48.228810895000038, 40.42982028800003 ], [ 48.205374879000033, 40.434937 ], [ 48.205374879000033, 40.46818606800008 ], [ 48.134229829000049, 40.451563606000036 ], [ 48.12083781900003, 40.490555912000048 ], [ 48.135464888000058, 40.541511048000075 ], [ 48.079511346000061, 40.53025690700008 ] ] ] } },
{ "type": "Feature", "properties": { "shapeName": "Zardab District", "shapeID": "54616110B34042895235078", "shapeISO": "AZE", "n_total": 0, "n_lodging": 0, "n_food": 0, "n_cultural": 0, "n_natural": 0, "n_beach": 0, "n_eco": 0, "n_camping": 0, "share_lodging": 0.0, "share_cultural": 0.0, "dom_category": "none", "lodging_vs_cultural": -1.0, "area_km2": 851.862, "density_per_100km2": 0.0 }, "geometry": { "type": "Polygon", "coordinates": [ [ [ 47.453821099000038, 40.312757845000078 ], [ 47.458533728000077, 40.28076825800008 ], [ 47.492158274000076, 40.266854658000057 ], [ 47.500274543000046, 40.20791192400003 ], [ 47.541628869000078, 40.15900060000007 ], [ 47.701248838000026, 40.17619772200004 ], [ 47.717094888000076, 40.206430285000067 ], [ 47.797098117000075, 40.13556987000004 ], [ 47.807919810000044, 40.102040871000042 ], [ 47.829176706000055, 40.102040871000042 ], [ 47.949398949000056, 40.147212105000051 ], [ 47.975366181000027, 40.190759953000054 ], [ 47.963402820000056, 40.335605755000074 ], [ 47.700862349000033, 40.316870942000037 ], [ 47.662986424000053, 40.361232839000024 ], [ 47.568451208000056, 40.398510293000072 ], [ 47.504386786000055, 40.332951090000051 ], [ 47.453821099000038, 40.312757845000078 ] ] ] } },
{ "type": "Feature", "properties": { "shapeName": "Imishli District", "shapeID": "54616110B47039748407948", "shapeISO": "AZE", "n_total": 0, "n_lodging": 0, "n_food": 0, "n_cultural": 0, "n_natural": 0, "n_beach": 0, "n_eco": 0, "n_camping": 0, "share_lodging": 0.0, "share_cultural": 0.0, "dom_category": "none", "lodging_vs_cultural": -1.0, "area_km2": 1917.41, "density_per_100km2": 0.0 }, "geometry": { "type": "Polygon", "coordinates": [ [ [ 48.275279156000067, 40.022515234000025 ], [ 48.193370149000032, 40.075806913000065 ], [ 48.158948470000041, 40.080445907000069 ], [ 48.128150126000037, 40.114300916000047 ], [ 48.102182894000066, 40.114300916000047 ], [ 48.073196216000042, 40.15462649400007 ], [ 48.033339536000028, 40.149529190000067 ], [ 48.010995639000043, 40.116619132000039 ], [ 47.993482854000035, 40.118937267000035 ], [ 47.999521745000038, 40.098071182000069 ], [ 47.98080118300004, 40.075806913000065 ], [ 47.951814506000062, 40.091114385000026 ], [ 47.908334490000072, 40.076734737000038 ], [ 47.880044687000066, 40.110931325000024 ], [ 47.800284403000035, 40.112122588000034 ], [ 47.792800359000069, 40.092685386000028 ], [ 47.830398012000046, 40.060572441000033 ], [ 47.846723308000037, 40.020837694000079 ], [ 47.773754180000026, 39.979937887000062 ], [ 47.76954917900008, 39.958431811000025 ], [ 47.802694478000035, 39.932539349000081 ], [ 47.771976331000076, 39.882952019000072 ], [ 47.832268619000047, 39.854957610000042 ], [ 47.862414763000061, 39.813242468000055 ], [ 47.900677176000045, 39.810261837000041 ], [ 47.917682694000064, 39.790586412000039 ], [ 47.892174418000081, 39.75718482700006 ], [ 47.814876612000035, 39.721080831000052 ], [ 47.806373854000071, 39.657180814000071 ], [ 47.92000162800008, 39.660466847000066 ], [ 47.976429026000062, 39.691527018000045 ], [ 47.984188344000074, 39.707865833000028 ], [ 47.958457286000055, 39.72177101300008 ], [ 47.968457690000037, 39.738389257000051 ], [ 48.009981105000065, 39.750137095000071 ], [ 48.054330720000053, 39.737214363000078 ], [ 48.258904195000071, 39.603144071000031 ], [ 48.314558615000067, 39.597089605000065 ], [ 48.378909038000074, 39.633576491000042 ], [ 48.398823113000049, 39.659276342000055 ], [ 48.34716862700003, 39.691545679000058 ], [ 48.357250555000064, 39.783345275000045 ], [ 48.252966455000035, 39.815573323000081 ], [ 48.234623323000051, 39.834431457000051 ], [ 48.268687198000066, 39.936489004000066 ], [ 48.249555991000079, 39.980655927000043 ], [ 48.272405572000025, 39.995063556000048 ], [ 48.275279156000067, 40.022515234000025 ] ] ] } },
{ "type": "Feature", "properties": { "shapeName": "Barda District", "shapeID": "54616110B76249555634218", "shapeISO": "AZE", "n_total": 0, "n_lodging": 0, "n_food": 0, "n_cultural": 0, "n_natural": 0, "n_beach": 0, "n_eco": 0, "n_camping": 0, "share_lodging": 0.0, "share_cultural": 0.0, "dom_category": "none", "lodging_vs_cultural": -1.0, "area_km2": 943.928, "density_per_100km2": 0.0 }, "geometry": { "type": "Polygon", "coordinates": [ [ [ 47.000325308000072, 40.435818207000068 ], [ 47.022574104000057, 40.377195924000034 ], [ 47.061995985000067, 40.340534278000064 ], [ 47.11571796000004, 40.318941818000042 ], [ 47.109920625000029, 40.231317491000027 ], [ 47.143545170000039, 40.182423184000072 ], [ 47.235916048000036, 40.191315702000054 ], [ 47.262970280000047, 40.21620850100004 ], [ 47.32860094800003, 40.173158895000029 ], [ 47.494671077000078, 40.255544923000059 ], [ 47.458533728000077, 40.28076825800008 ], [ 47.453821099000038, 40.312757845000078 ], [ 47.369579413000054, 40.369474996000065 ], [ 47.370800719000044, 40.385767120000025 ], [ 47.312827364000043, 40.455182818000026 ], [ 47.242486362000079, 40.512138313000037 ], [ 47.224295190000078, 40.554634281000062 ], [ 47.150829092000038, 40.486566352000068 ], [ 47.066077942000049, 40.499840490000054 ], [ 47.038194113000031, 40.451130875000047 ], [ 47.000325308000072, 40.435818207000068 ] ] ] } },
{ "type": "Feature", "properties": { "shapeName": "Aghjabadi District", "shapeID": "54616110B84161876100413", "shapeISO": "AZE", "n_total": 1, "n_lodging": 0, "n_food": 0, "n_cultural": 0, "n_natural": 1, "n_beach": 0, "n_eco": 0, "n_camping": 0, "share_lodging": 0.0, "share_cultural": 0.0, "dom_category": "natural", "lodging_vs_cultural": -1.0, "area_km2": 1724.412, "density_per_100km2": 0.058 }, "geometry": { "type": "Polygon", "coordinates": [ [ [ 47.494671077000078, 40.255544923000059 ], [ 47.32860094800003, 40.173158895000029 ], [ 47.262970280000047, 40.21620850100004 ], [ 47.251375609000036, 40.209986165000032 ], [ 47.238621471000044, 40.16344855300008 ], [ 47.153207396000028, 40.123109710000051 ], [ 47.203064481000069, 40.10174408000006 ], [ 47.197653634000062, 40.077402763000066 ], [ 47.133496455000056, 40.068792149000046 ], [ 47.134269434000032, 40.014728071000036 ], [ 47.089436706000072, 39.982031034000045 ], [ 47.119196361000036, 39.938906288000055 ], [ 47.197267145000069, 39.92998050500006 ], [ 47.279975798000066, 39.952292763000059 ], [ 47.314373321000062, 39.934146017000046 ], [ 47.31823821100005, 39.918077635000031 ], [ 47.28152175300005, 39.860616983000057 ], [ 47.30393811700003, 39.834401195000055 ], [ 47.362653530000046, 39.816091828000026 ], [ 47.350780587000031, 39.738604093000049 ], [ 47.480640901000072, 39.768388108000067 ], [ 47.451453249000053, 39.799303922000036 ], [ 47.486577372000056, 39.830396442000051 ], [ 47.470499429000029, 39.852896290000047 ], [ 47.482372371000054, 39.868908604000069 ], [ 47.538768851000043, 39.900159885000051 ], [ 47.587992093000025, 39.901302952000037 ], [ 47.688494700000035, 39.938311272000078 ], [ 47.712457019000055, 39.995409002000031 ], [ 47.712457019000055, 40.040280217000031 ], [ 47.780572344000063, 40.146383310000033 ], [ 47.717094888000076, 40.206430285000067 ], [ 47.701248838000026, 40.17619772200004 ], [ 47.541628869000078, 40.15900060000007 ], [ 47.500274543000046, 40.20791192400003 ], [ 47.494671077000078, 40.255544923000059 ] ] ] } },
{ "type": "Feature", "properties": { "shapeName": "Beylagan District", "shapeID": "54616110B20470092766685", "shapeISO": "AZE", "n_total": 0, "n_lodging": 0, "n_food": 0, "n_cultural": 0, "n_natural": 0, "n_beach": 0, "n_eco": 0, "n_camping": 0, "share_lodging": 0.0, "share_cultural": 0.0, "dom_category": "none", "lodging_vs_cultural": -1.0, "area_km2": 1053.848, "density_per_100km2": 0.0 }, "geometry": { "type": "Polygon", "coordinates": [ [ [ 47.780572344000063, 40.146383310000033 ], [ 47.712457019000055, 40.040280217000031 ], [ 47.712457019000055, 39.995409002000031 ], [ 47.688494700000035, 39.938311272000078 ], [ 47.587992093000025, 39.901302952000037 ], [ 47.538768851000043, 39.900159885000051 ], [ 47.482372371000054, 39.868908604000069 ], [ 47.470499429000029, 39.852896290000047 ], [ 47.483609136000041, 39.824102781000079 ], [ 47.452195308000057, 39.805027536000068 ], [ 47.48187766500007, 39.780030891000081 ], [ 47.487423783000054, 39.751218540000025 ], [ 47.555663252000045, 39.724643591000074 ], [ 47.584649929000079, 39.677529285000048 ], [ 47.663759402000039, 39.633651202000067 ], [ 47.645038840000041, 39.572922492000032 ], [ 47.647454396000057, 39.552356002000067 ], [ 47.664967180000076, 39.545810829000061 ], [ 47.806704532000026, 39.657078574000025 ], [ 47.814876612000035, 39.721080831000052 ], [ 47.892174418000081, 39.75718482700006 ], [ 47.917682694000064, 39.790586412000039 ], [ 47.900677176000045, 39.810261837000041 ], [ 47.862414763000061, 39.813242468000055 ], [ 47.832268619000047, 39.854957610000042 ], [ 47.771976331000076, 39.882952019000072 ], [ 47.802694478000035, 39.932539349000081 ], [ 47.76954917900008, 39.958431811000025 ], [ 47.773754180000026, 39.979937887000062 ], [ 47.846723308000037, 40.020837694000079 ], [ 47.830398012000046, 40.060572441000033 ], [ 47.792800359000069, 40.092685386000028 ], [ 47.797098117000075, 40.13556987000004 ], [ 47.780572344000063, 40.146383310000033 ] ] ] } },
{ "type": "Feature", "properties": { "shapeName": "Samukh District", "shapeID": "54616110B65018719015844", "shapeISO": "AZE", "n_total": 1, "n_lodging": 0, "n_food": 0, "n_cultural": 0, "n_natural": 1, "n_beach": 0, "n_eco": 0, "n_camping": 0, "share_lodging": 0.0, "share_cultural": 0.0, "dom_category": "natural", "lodging_vs_cultural": -1.0, "area_km2": 1196.302, "density_per_100km2": 0.0836 }, "geometry": { "type": "Polygon", "coordinates": [ [ [ 46.391790871000069, 40.68940017400007 ], [ 46.453364195000063, 40.67421525900005 ], [ 46.501093425000079, 40.686417698000071 ], [ 46.521181609000053, 40.743391282000061 ], [ 46.573473854000042, 40.772977114000071 ], [ 46.573087365000049, 40.797066005000033 ], [ 46.669305016000067, 40.876099686000032 ], [ 46.702330202000041, 40.885409788000061 ], [ 46.69478158700008, 40.901878275000058 ], [ 46.609859682000035, 40.917626875000053 ], [ 46.43820269400004, 40.895386461000044 ], [ 46.365929246000064, 40.916498828000044 ], [ 46.404191659000048, 40.933501073000059 ], [ 46.50274636100005, 40.925000501000056 ], [ 46.55492238000005, 40.944638085000065 ], [ 46.536757396000041, 41.00410111900004 ], [ 46.480181292000054, 41.03889803900006 ], [ 46.622654583000042, 41.060365449000074 ], [ 46.666738487000032, 41.098749545000032 ], [ 46.672173489000045, 41.048480080000047 ], [ 46.720484618000057, 41.000001954000027 ], [ 46.797178534000068, 40.972087865000049 ], [ 46.83191452300008, 40.974797834000071 ], [ 46.782363222000072, 41.025798295000072 ], [ 46.75884730000007, 41.089736024000047 ], [ 46.722708027000067, 41.107838190000052 ], [ 46.655313166000042, 41.107099424000069 ], [ 46.654860667000037, 41.119077223000033 ], [ 46.627767832000075, 41.101749133000055 ], [ 46.555046057000027, 41.120456895000075 ], [ 46.49766016500007, 41.067500019000079 ], [ 46.472924868000064, 41.065066338000065 ], [ 46.46303074900004, 41.098568279000062 ], [ 46.386598678000041, 41.104555639000068 ], [ 46.270852945000058, 41.195596218000048 ], [ 46.115097866000042, 41.197347771000068 ], [ 46.106595108000079, 41.180414115000076 ], [ 46.238774355000032, 41.133385496000074 ], [ 46.341785231000074, 41.03116026400005 ], [ 46.277036769000063, 40.868399664000037 ], [ 46.340420970000025, 40.789135269000042 ], [ 46.35021789700005, 40.727644230000067 ], [ 46.388547922000043, 40.71350986200008 ], [ 46.391790871000069, 40.68940017400007 ] ] ] } },
{ "type": "Feature", "properties": { "shapeName": "Goranboy District", "shapeID": "54616110B75141866412524", "shapeISO": "AZE", "n_total": 2, "n_lodging": 1, "n_food": 0, "n_cultural": 0, "n_natural": 1, "n_beach": 0, "n_eco": 0, "n_camping": 0, "share_lodging": 0.5, "share_cultural": 0.0, "dom_category": "lodging", "lodging_vs_cultural": 1.0, "area_km2": 1810.394, "density_per_100km2": 0.1105 }, "geometry": { "type": "Polygon", "coordinates": [ [ [ 46.789458880000041, 40.86575399600008 ], [ 46.699864441000045, 40.890789686000062 ], [ 46.573087365000049, 40.797066005000033 ], [ 46.573473854000042, 40.772977114000071 ], [ 46.521181609000053, 40.743391282000061 ], [ 46.507121913000049, 40.693410167000025 ], [ 46.521369245000074, 40.654246613000055 ], [ 46.512858720000054, 40.542731153000034 ], [ 46.408706099000028, 40.440627852000034 ], [ 46.403437678000046, 40.41740072500005 ], [ 46.358453471000075, 40.389517501000057 ], [ 46.362100840000039, 40.306418533000056 ], [ 46.346683983000048, 40.278321161000065 ], [ 46.451759307000032, 40.261536966000051 ], [ 46.557145874000071, 40.313417706000052 ], [ 46.586195134000036, 40.347162323000077 ], [ 46.744054400000039, 40.410955683000054 ], [ 46.830727658000058, 40.415742433000048 ], [ 46.906587727000044, 40.452272810000068 ], [ 46.92999313100006, 40.479784222000035 ], [ 46.977751970000043, 40.491083897000067 ], [ 47.005473420000044, 40.535766034000062 ], [ 46.98214893800008, 40.54792675300007 ], [ 46.934327889000031, 40.541965895000033 ], [ 46.917137315000048, 40.556509451000068 ], [ 46.92463865700006, 40.641799272000071 ], [ 46.876192496000044, 40.660843457000055 ], [ 46.803679532000046, 40.646322761000079 ], [ 46.804929756000035, 40.672981267000068 ], [ 46.855563809000046, 40.713662382000052 ], [ 46.765860272000054, 40.76049789700005 ], [ 46.789458880000041, 40.86575399600008 ] ], [ [ 46.798277806000044, 40.466693356000064 ], [ 46.82737615700006, 40.450464373000045 ], [ 46.815041191000034, 40.431151870000065 ], [ 46.778036290000045, 40.43717797100004 ], [ 46.77601416400006, 40.455716406000079 ], [ 46.798277806000044, 40.466693356000064 ] ] ] } },
{ "type": "Feature", "properties": { "shapeName": "Tartar District", "shapeID": "54616110B79809370995070", "shapeISO": "AZE", "n_total": 0, "n_lodging": 0, "n_food": 0, "n_cultural": 0, "n_natural": 0, "n_beach": 0, "n_eco": 0, "n_camping": 0, "share_lodging": 0.0, "share_cultural": 0.0, "dom_category": "none", "lodging_vs_cultural": -1.0, "area_km2": 1261.161, "density_per_100km2": 0.0 }, "geometry": { "type": "Polygon", "coordinates": [ [ [ 46.977751970000043, 40.491083897000067 ], [ 46.92999313100006, 40.479784222000035 ], [ 46.906587727000044, 40.452272810000068 ], [ 46.830727658000058, 40.415742433000048 ], [ 46.744054400000039, 40.410955683000054 ], [ 46.575820398000076, 40.340017823000039 ], [ 46.544667525000079, 40.306141475000061 ], [ 46.52498419300008, 40.245479972000055 ], [ 46.556108400000028, 40.189608307000071 ], [ 46.55617064900008, 40.154502742000034 ], [ 46.643650421000075, 40.182900587000063 ], [ 46.720174473000043, 40.118574421000062 ], [ 46.755822065000075, 40.107804937000026 ], [ 46.782018274000052, 40.064375021000046 ], [ 46.843747951000068, 40.126124779000065 ], [ 46.86735047600007, 40.190006134000043 ], [ 46.961890256000061, 40.191833623000036 ], [ 46.964727098000026, 40.238747015000058 ], [ 47.010521831000062, 40.21731383100007 ], [ 47.048616564000042, 40.229118459000063 ], [ 47.072527088000072, 40.185306651000076 ], [ 47.13158793000008, 40.188262832000078 ], [ 47.109920625000029, 40.231317491000027 ], [ 47.11571796000004, 40.318941818000042 ], [ 47.061995985000067, 40.340534278000064 ], [ 47.022574104000057, 40.377195924000034 ], [ 46.976659675000064, 40.463068336000049 ], [ 46.977751970000043, 40.491083897000067 ] ] ] } },
{ "type": "Feature", "properties": { "shapeName": "Kalbajar District", "shapeID": "54616110B37358032697149", "shapeISO": "AZE", "n_total": 0, "n_lodging": 0, "n_food": 0, "n_cultural": 0, "n_natural": 0, "n_beach": 0, "n_eco": 0, "n_camping": 0, "share_lodging": 0.0, "share_cultural": 0.0, "dom_category": "none", "lodging_vs_cultural": -1.0, "area_km2": 2870.201, "density_per_100km2": 0.0 }, "geometry": { "type": "Polygon", "coordinates": [ [ [ 46.438479645000029, 40.259375059000035 ], [ 46.17665243700003, 40.304085312000041 ], [ 45.942702143000076, 40.301106615000037 ], [ 45.929214986000034, 40.295744626000044 ], [ 45.951780036000059, 40.270517668000025 ], [ 45.942961512000068, 40.247864917000072 ], [ 45.980829297000071, 40.214865664000058 ], [ 45.988350981000053, 40.168122149000055 ], [ 45.926621302000058, 40.10959731500003 ], [ 45.901721936000058, 40.042051547000028 ], [ 45.866707203000033, 40.000773586000037 ], [ 45.792787210000029, 40.025702901000045 ], [ 45.67581206300008, 40.033279593000032 ], [ 45.615638595000064, 40.02430710200008 ], [ 45.598001544000056, 39.999975696000035 ], [ 45.619529121000028, 39.971444969000061 ], [ 45.696042798000065, 39.968850671000041 ], [ 45.786303, 39.934117439000033 ], [ 45.84128910000004, 39.824411604000034 ], [ 45.917802777000077, 39.794806723000079 ], [ 46.027515608000044, 39.872392201000025 ], [ 46.043987369000035, 39.912052370000026 ], [ 46.083932592000053, 39.877355943000055 ], [ 46.145656460000055, 39.877355943000055 ], [ 46.457994108000037, 39.955398005000063 ], [ 46.546210902000041, 39.998547450000046 ], [ 46.605305397000052, 39.966495761000033 ], [ 46.655446496000081, 40.013339107000036 ], [ 46.782537010000055, 40.054011467000066 ], [ 46.755822065000075, 40.107804937000026 ], [ 46.720174473000043, 40.118574421000062 ], [ 46.643650421000075, 40.182900587000063 ], [ 46.559822555000039, 40.150554111000076 ], [ 46.553514717000041, 40.196768836000047 ], [ 46.52498419300008, 40.245479972000055 ], [ 46.544667525000079, 40.306141475000061 ], [ 46.438479645000029, 40.259375059000035 ] ] ] } },
{ "type": "Feature", "properties": { "shapeName": "Agdam District", "shapeID": "54616110B71765796178707", "shapeISO": "AZE", "n_total": 0, "n_lodging": 0, "n_food": 0, "n_cultural": 0, "n_natural": 0, "n_beach": 0, "n_eco": 0, "n_camping": 0, "share_lodging": 0.0, "share_cultural": 0.0, "dom_category": "none", "lodging_vs_cultural": -1.0, "area_km2": 1047.63, "density_per_100km2": 0.0 }, "geometry": { "type": "Polygon", "coordinates": [ [ [ 47.24332785100006, 40.197057099000062 ], [ 47.072527088000072, 40.185306651000076 ], [ 47.048616564000042, 40.229118459000063 ], [ 47.010521831000062, 40.21731383100007 ], [ 46.964727098000026, 40.238747015000058 ], [ 46.961890256000061, 40.191833623000036 ], [ 46.86735047600007, 40.190006134000043 ], [ 46.843747951000068, 40.126124779000065 ], [ 46.812623744000064, 40.108800709000036 ], [ 46.782537010000055, 40.054011467000066 ], [ 46.714704162000032, 40.032319627000049 ], [ 46.766958696000074, 40.011020645000031 ], [ 46.842337636000082, 40.01818767900005 ], [ 46.883269211000027, 39.976733039000067 ], [ 46.897453420000033, 39.934005127000034 ], [ 46.940006048000043, 39.93962054800005 ], [ 46.955811310000058, 39.92776522500003 ], [ 46.942842890000065, 39.884694277000051 ], [ 46.884079738000025, 39.841283635000025 ], [ 46.884079738000025, 39.820349195000063 ], [ 46.974453413000049, 39.855340471000034 ], [ 46.999579726000036, 39.889377223000054 ], [ 47.03159551300007, 39.899990709000065 ], [ 47.163306027000033, 39.850030451000066 ], [ 47.185595498000055, 39.851279905000069 ], [ 47.22004286300006, 39.884382069000026 ], [ 47.283525255000029, 39.877879730000075 ], [ 47.31823821100005, 39.918077635000031 ], [ 47.289638023000066, 39.949020758000074 ], [ 47.197267145000069, 39.92998050500006 ], [ 47.119196361000036, 39.938906288000055 ], [ 47.097552976000031, 39.956754336000074 ], [ 47.089436706000072, 39.982031034000045 ], [ 47.138134324000077, 40.027802467000072 ], [ 47.127699120000045, 40.061665293000033 ], [ 47.205383414000039, 40.089574518000063 ], [ 47.153207396000028, 40.123109710000051 ], [ 47.250216142000056, 40.181237426000052 ], [ 47.24332785100006, 40.197057099000062 ] ] ] } },
{ "type": "Feature", "properties": { "shapeName": "Goygol District", "shapeID": "54616110B13615645655589", "shapeISO": "AZE", "n_total": 5, "n_lodging": 5, "n_food": 0, "n_cultural": 0, "n_natural": 0, "n_beach": 0, "n_eco": 0, "n_camping": 0, "share_lodging": 1.0, "share_cultural": 0.0, "dom_category": "lodging", "lodging_vs_cultural": 1.0, "area_km2": 1015.693, "density_per_100km2": 0.4923 }, "geometry": { "type": "Polygon", "coordinates": [ [ [ 46.35021789700005, 40.727644230000067 ], [ 46.340420970000025, 40.789135269000042 ], [ 46.306313275000036, 40.822582014000034 ], [ 46.270916638000074, 40.793280989000039 ], [ 46.257137692000072, 40.709163058000058 ], [ 46.221474537000063, 40.679242334000037 ], [ 46.136774545000037, 40.668134290000069 ], [ 46.122185073000026, 40.646221293000053 ], [ 46.14680480700008, 40.61497888100007 ], [ 46.225957760000028, 40.57056964700007 ], [ 46.161368951000043, 40.496649352000077 ], [ 46.262051507000081, 40.425550496000028 ], [ 46.257618942000079, 40.389730542000052 ], [ 46.193663355000069, 40.351953578000064 ], [ 46.175438185000075, 40.304125731000056 ], [ 46.341730742000038, 40.283338467000078 ], [ 46.362100840000039, 40.306418533000056 ], [ 46.358453471000075, 40.389517501000057 ], [ 46.504415434000066, 40.521068531000026 ], [ 46.521774509000068, 40.602064652000024 ], [ 46.51610082500008, 40.685721165000075 ], [ 46.453364195000063, 40.67421525900005 ], [ 46.391790871000069, 40.68940017400007 ], [ 46.359922502000074, 40.652722933000064 ], [ 46.337624806000065, 40.655476757000031 ], [ 46.317135031000078, 40.670620737000036 ], [ 46.315929751000056, 40.693788907000055 ], [ 46.35021789700005, 40.727644230000067 ] ] ] } },
{ "type": "Feature", "properties": { "shapeName": "Shamkir District", "shapeID": "54616110B57585842497805", "shapeISO": "AZE", "n_total": 1, "n_lodging": 0, "n_food": 1, "n_cultural": 0, "n_natural": 0, "n_beach": 0, "n_eco": 0, "n_camping": 0, "share_lodging": 0.0, "share_cultural": 0.0, "dom_category": "food", "lodging_vs_cultural": -1.0, "area_km2": 1639.246, "density_per_100km2": 0.061 }, "geometry": { "type": "Polygon", "coordinates": [ [ [ 46.239843042000075, 41.13215733800007 ], [ 46.098274550000042, 41.005476207000072 ], [ 46.035864029000038, 41.004248179000058 ], [ 46.057342974000051, 40.985517880000032 ], [ 46.14650086100005, 40.972618492000038 ], [ 46.169195595000076, 40.952035636000062 ], [ 46.165953490000049, 40.928987452000058 ], [ 46.068285078000031, 40.941338444000053 ], [ 45.980266995000079, 40.988377668000055 ], [ 45.93530811800008, 40.993175689000054 ], [ 45.903013713000064, 40.979260459000045 ], [ 45.890349240000035, 40.950460934000034 ], [ 45.845390363000035, 40.91636513800006 ], [ 45.754839384000036, 40.876964831000066 ], [ 45.730776887000047, 40.851967020000075 ], [ 45.745974254000032, 40.804348752000067 ], [ 45.840121942000053, 40.685721165000075 ], [ 45.929279828000062, 40.632637768000052 ], [ 45.939070985000058, 40.569054575000052 ], [ 45.977976245000036, 40.588830460000054 ], [ 46.04100276500003, 40.669060031000072 ], [ 46.122571386000061, 40.64578692200007 ], [ 46.136774545000037, 40.668134290000069 ], [ 46.221474537000063, 40.679242334000037 ], [ 46.257137692000072, 40.709163058000058 ], [ 46.270916638000074, 40.793280989000039 ], [ 46.306313275000036, 40.822582014000034 ], [ 46.276650280000069, 40.878374337000025 ], [ 46.341785231000074, 41.03116026400005 ], [ 46.239843042000075, 41.13215733800007 ] ] ] } },
{ "type": "Feature", "properties": { "shapeName": "Dashkasan District", "shapeID": "54616110B88384638285498", "shapeISO": "AZE", "n_total": 2, "n_lodging": 0, "n_food": 0, "n_cultural": 2, "n_natural": 0, "n_beach": 0, "n_eco": 0, "n_camping": 0, "share_lodging": 0.0, "share_cultural": 1.0, "dom_category": "cultural", "lodging_vs_cultural": 0.0, "area_km2": 986.405, "density_per_100km2": 0.2028 }, "geometry": { "type": "Polygon", "coordinates": [ [ [ 46.175438185000075, 40.304125731000056 ], [ 46.193663355000069, 40.351953578000064 ], [ 46.257618942000079, 40.389730542000052 ], [ 46.262051507000081, 40.425550496000028 ], [ 46.161368951000043, 40.496649352000077 ], [ 46.225957760000028, 40.57056964700007 ], [ 46.14680480700008, 40.61497888100007 ], [ 46.122571386000061, 40.64578692200007 ], [ 46.04100276500003, 40.669060031000072 ], [ 45.977976245000036, 40.588830460000054 ], [ 45.837891887000069, 40.498792958000024 ], [ 45.836751173000039, 40.468743513000049 ], [ 45.877531708000049, 40.417541162000077 ], [ 45.861615179000069, 40.30810081900006 ], [ 45.907065514000067, 40.289677294000057 ], [ 45.969676456000059, 40.30567389600003 ], [ 46.175438185000075, 40.304125731000056 ] ] ] } },
{ "type": "Feature", "properties": { "shapeName": "Gadabay District", "shapeID": "54616110B46799199998097", "shapeISO": "AZE", "n_total": 3, "n_lodging": 0, "n_food": 0, "n_cultural": 3, "n_natural": 0, "n_beach": 0, "n_eco": 0, "n_camping": 0, "share_lodging": 0.0, "share_cultural": 1.0, "dom_category": "cultural", "lodging_vs_cultural": 0.0, "area_km2": 1283.621, "density_per_100km2": 0.2337 }, "geometry": { "type": "Polygon", "coordinates": [ [ [ 45.749032697000075, 40.800151855000024 ], [ 45.726672246000078, 40.764724812000054 ], [ 45.728406132000032, 40.645074603000069 ], [ 45.704978671000049, 40.579264311000031 ], [ 45.628000462000045, 40.607988878000072 ], [ 45.62543385400005, 40.648619562000079 ], [ 45.608608319000041, 40.661650866000059 ], [ 45.529899035000028, 40.672291195000071 ], [ 45.526762070000075, 40.633630392000043 ], [ 45.491399927000032, 40.638409916000057 ], [ 45.476000285000055, 40.675330975000065 ], [ 45.49425171300004, 40.693349658000045 ], [ 45.496533142000033, 40.727419765000036 ], [ 45.477711356000043, 40.75084632800008 ], [ 45.42580885700005, 40.744773573000032 ], [ 45.400713143000075, 40.723948456000073 ], [ 45.372765643000037, 40.657741744000077 ], [ 45.392157786000041, 40.618855137000025 ], [ 45.440352964000056, 40.580598006000059 ], [ 45.442919571000061, 40.509459427000024 ], [ 45.471722606000071, 40.479414796000071 ], [ 45.625006087000031, 40.41308633400007 ], [ 45.651295986000036, 40.377314328000068 ], [ 45.85965929300005, 40.311694386000056 ], [ 45.877531708000049, 40.417541162000077 ], [ 45.836751173000039, 40.468743513000049 ], [ 45.837891887000069, 40.498792958000024 ], [ 45.93228599300005, 40.550803037000037 ], [ 45.935358776000044, 40.62152190200004 ], [ 45.883485096000072, 40.669985760000031 ], [ 45.840121942000053, 40.685721165000075 ], [ 45.749032697000075, 40.800151855000024 ] ] ] } },
{ "type": "Feature", "properties": { "shapeName": "Tovuz District", "shapeID": "54616110B84187356839814", "shapeISO": "AZE", "n_total": 1, "n_lodging": 1, "n_food": 0, "n_cultural": 0, "n_natural": 0, "n_beach": 0, "n_eco": 0, "n_camping": 0, "share_lodging": 1.0, "share_cultural": 0.0, "dom_category": "lodging", "lodging_vs_cultural": 1.0, "area_km2": 1896.539, "density_per_100km2": 0.0527 }, "geometry": { "type": "Polygon", "coordinates": [ [ [ 46.239843042000075, 41.13215733800007 ], [ 46.056623849000061, 41.196955163000041 ], [ 45.957666886000027, 41.182952564000061 ], [ 45.781996888000037, 41.234639469000058 ], [ 45.668228464000038, 41.178724264000039 ], [ 45.635254692000046, 41.134606961000031 ], [ 45.580001344000038, 41.160878882000077 ], [ 45.551037895000036, 41.157511280000051 ], [ 45.550592304000077, 41.121467023000037 ], [ 45.587576400000046, 41.090459742000064 ], [ 45.583319409000069, 41.039673948000029 ], [ 45.546136389000026, 41.009501749000037 ], [ 45.483307986000057, 40.999037356000031 ], [ 45.460137227000075, 40.957838644000049 ], [ 45.488209492000067, 40.923711898000079 ], [ 45.592923497000072, 40.87773098200006 ], [ 45.595597047000069, 40.844577709000077 ], [ 45.557561356000065, 40.79333996400004 ], [ 45.482448140000031, 40.747898964000058 ], [ 45.496533142000033, 40.727419765000036 ], [ 45.489206620000061, 40.690240964000054 ], [ 45.528634675000035, 40.667959033000045 ], [ 45.608608319000041, 40.661650866000059 ], [ 45.62543385400005, 40.648619562000079 ], [ 45.628000462000045, 40.607988878000072 ], [ 45.704978671000049, 40.579264311000031 ], [ 45.728406132000032, 40.645074603000069 ], [ 45.726672246000078, 40.764724812000054 ], [ 45.749032697000075, 40.800151855000024 ], [ 45.730776887000047, 40.851967020000075 ], [ 45.877684768000051, 40.939417758000047 ], [ 45.90449583000003, 40.979661607000025 ], [ 45.804811173000076, 41.052044196000054 ], [ 45.839317780000044, 41.061326428000029 ], [ 45.945119029000068, 41.014254056000027 ], [ 46.006717599000069, 41.004100981000079 ], [ 46.098274550000042, 41.005476207000072 ], [ 46.239843042000075, 41.13215733800007 ] ] ] } },
{ "type": "Feature", "properties": { "shapeName": "Agstafa District", "shapeID": "54616110B36354954300290", "shapeISO": "AZE", "n_total": 4, "n_lodging": 1, "n_food": 1, "n_cultural": 0, "n_natural": 2, "n_beach": 0, "n_eco": 0, "n_camping": 0, "share_lodging": 0.25, "share_cultural": 0.0, "dom_category": "natural", "lodging_vs_cultural": 1.0, "area_km2": 1537.346, "density_per_100km2": 0.2602 }, "geometry": { "type": "Polygon", "coordinates": [ [ [ 45.791498859000058, 41.23497309000004 ], [ 45.693306353000025, 41.30026553700003 ], [ 45.718687246000059, 41.337889830000051 ], [ 45.756330817000048, 41.35809041400006 ], [ 45.631244368000068, 41.396513179000067 ], [ 45.576882203000025, 41.383761828000047 ], [ 45.554157036000049, 41.411945656000057 ], [ 45.477960887000052, 41.450175439000077 ], [ 45.388842585000077, 41.430392681000058 ], [ 45.338490744000069, 41.45855613100008 ], [ 45.250263625000059, 41.469952121000063 ], [ 45.158917365000036, 41.425362198000073 ], [ 45.158917365000036, 41.40087490600007 ], [ 45.097425737000037, 41.343142052000076 ], [ 45.189663180000025, 41.289390729000047 ], [ 45.362608385000044, 41.258127251000076 ], [ 45.384887961000061, 41.235006110000029 ], [ 45.354949781000073, 41.11822374500008 ], [ 45.357734727000036, 41.052375607000045 ], [ 45.372685794000063, 41.016051202000028 ], [ 45.406815964000032, 41.021995257000071 ], [ 45.408458593000034, 40.984524860000079 ], [ 45.460137227000075, 40.959449636000045 ], [ 45.483307986000057, 40.999037356000031 ], [ 45.546136389000026, 41.009501749000037 ], [ 45.583319409000069, 41.039673948000029 ], [ 45.587576400000046, 41.090459742000064 ], [ 45.550592304000077, 41.121467023000037 ], [ 45.551037895000036, 41.157511280000051 ], [ 45.580001344000038, 41.160878882000077 ], [ 45.635254692000046, 41.134606961000031 ], [ 45.668228464000038, 41.178724264000039 ], [ 45.791498859000058, 41.23497309000004 ] ] ] } },
{ "type": "Feature", "properties": { "shapeName": "Qazakh District", "shapeID": "54616110B43488292017990", "shapeISO": "AZE", "n_total": 3, "n_lodging": 2, "n_food": 0, "n_cultural": 1, "n_natural": 0, "n_beach": 0, "n_eco": 0, "n_camping": 0, "share_lodging": 0.66666666666666663, "share_cultural": 0.33333333333333331, "dom_category": "lodging", "lodging_vs_cultural": 0.66666666666666663, "area_km2": 686.492, "density_per_100km2": 0.437 }, "geometry": { "type": "MultiPolygon", "coordinates": [ [ [ [ 45.232393148000028, 40.982895893000034 ], [ 45.230770799000027, 41.010183414000039 ], [ 45.185669491000056, 41.00747975400003 ], [ 45.198972754000067, 40.98707580100006 ], [ 45.232393148000028, 40.982895893000034 ] ] ], [ [ [ 45.015627017000043, 41.051492497000027 ], [ 45.02120384300008, 41.079119677000051 ], [ 44.981152097000063, 41.074132301000077 ], [ 44.989770827000029, 41.054946534000067 ], [ 45.015627017000043, 41.051492497000027 ] ] ], [ [ [ 45.09612282900008, 41.332995002000075 ], [ 45.022461164000049, 41.303233276000071 ], [ 45.031221849000076, 41.260890220000078 ], [ 45.014024947000053, 41.204063020000035 ], [ 45.130509619000065, 41.203327860000059 ], [ 45.188265250000029, 41.170237027000042 ], [ 45.192057491000071, 41.138171882000051 ], [ 45.093702572000041, 41.115170892000037 ], [ 45.050608922000038, 41.095230131000051 ], [ 45.045539080000026, 41.075666919000071 ], [ 45.174820031000081, 41.067609774000061 ], [ 45.218927650000069, 41.036522891000061 ], [ 45.368994949000069, 41.002348636000079 ], [ 45.354949781000073, 41.11822374500008 ], [ 45.384887961000061, 41.235006110000029 ], [ 45.362608385000044, 41.258127251000076 ], [ 45.245640613000035, 41.272311142000035 ], [ 45.09612282900008, 41.332995002000075 ] ] ] ] } },
{ "type": "Feature", "properties": { "shapeName": "Lachin District", "shapeID": "54616110B46945931752574", "shapeISO": "AZE", "n_total": 0, "n_lodging": 0, "n_food": 0, "n_cultural": 0, "n_natural": 0, "n_beach": 0, "n_eco": 0, "n_camping": 0, "share_lodging": 0.0, "share_cultural": 0.0, "dom_category": "none", "lodging_vs_cultural": -1.0, "area_km2": 1792.975, "density_per_100km2": 0.0 }, "geometry": { "type": "Polygon", "coordinates": [ [ [ 45.926470773000062, 39.796876316000066 ], [ 46.039998571000069, 39.735936134000042 ], [ 46.07666366400008, 39.676789903000042 ], [ 46.160701351000057, 39.63841780000007 ], [ 46.176678246000051, 39.585022318000028 ], [ 46.34509107000008, 39.63369128000005 ], [ 46.434385169000052, 39.619399353000063 ], [ 46.446221829000081, 39.609762667000041 ], [ 46.414657403000035, 39.592734551000035 ], [ 46.423379152000052, 39.569916689000024 ], [ 46.509558342000048, 39.569916689000024 ], [ 46.557320301000061, 39.548538161000067 ], [ 46.502705538000043, 39.516055814000026 ], [ 46.53401277100005, 39.471313037000073 ], [ 46.621942829000034, 39.467015182000068 ], [ 46.623527154000044, 39.487887973000056 ], [ 46.716210189000037, 39.535135364000041 ], [ 46.719503305000046, 39.562362629000063 ], [ 46.690638467000042, 39.587111133000064 ], [ 46.763112051000064, 39.611208257000044 ], [ 46.732793589000039, 39.660179675000052 ], [ 46.671326023000063, 39.641879694000068 ], [ 46.644745454000031, 39.595947726000077 ], [ 46.60009840400005, 39.628713531000074 ], [ 46.560642872000074, 39.624698954000053 ], [ 46.558981587000062, 39.666278585000043 ], [ 46.581824263000044, 39.703662662000056 ], [ 46.564380764000077, 39.837788210000042 ], [ 46.469878536000067, 39.911593677000042 ], [ 46.477985609000029, 39.940551250000055 ], [ 46.466454733000035, 39.95987725100008 ], [ 46.137051240000062, 39.876210005000075 ], [ 46.083932592000053, 39.877355943000055 ], [ 46.043987369000035, 39.912052370000026 ], [ 46.027515608000044, 39.872392201000025 ], [ 45.926470773000062, 39.796876316000066 ] ] ] } },
{ "type": "Feature", "properties": { "shapeName": "Khojaly District", "shapeID": "54616110B87325868620163", "shapeISO": "AZE", "n_total": 1, "n_lodging": 0, "n_food": 0, "n_cultural": 0, "n_natural": 1, "n_beach": 0, "n_eco": 0, "n_camping": 0, "share_lodging": 0.0, "share_cultural": 0.0, "dom_category": "natural", "lodging_vs_cultural": -1.0, "area_km2": 933.81, "density_per_100km2": 0.1071 }, "geometry": { "type": "Polygon", "coordinates": [ [ [ 46.723910728000078, 39.778621040000075 ], [ 46.813822909000066, 39.671564018000026 ], [ 46.848298882000051, 39.649358186000029 ], [ 46.86888870000007, 39.648617867000041 ], [ 46.935685898000031, 39.69635203100006 ], [ 46.934488816000055, 39.732408114000066 ], [ 46.864964505000046, 39.777573160000031 ], [ 46.884079738000025, 39.841283635000025 ], [ 46.942842890000065, 39.884694277000051 ], [ 46.955811310000058, 39.92776522500003 ], [ 46.940006048000043, 39.93962054800005 ], [ 46.897453420000033, 39.934005127000034 ], [ 46.883269211000027, 39.976733039000067 ], [ 46.842337636000082, 40.01818767900005 ], [ 46.766958696000074, 40.011020645000031 ], [ 46.714704162000032, 40.032319627000049 ], [ 46.655446496000081, 40.013339107000036 ], [ 46.605305397000052, 39.966495761000033 ], [ 46.546210902000041, 39.998547450000046 ], [ 46.466454733000035, 39.95987725100008 ], [ 46.477985609000029, 39.940551250000055 ], [ 46.469878536000067, 39.911593677000042 ], [ 46.564380764000077, 39.837788210000042 ], [ 46.573527942000055, 39.778428459000054 ], [ 46.682946088000051, 39.788859813000045 ], [ 46.723910728000078, 39.778621040000075 ] ], [ [ 46.811951031000035, 39.870113029000038 ], [ 46.822171812000079, 39.820017755000038 ], [ 46.799994645000027, 39.812879526000074 ], [ 46.76354695200007, 39.832359180000026 ], [ 46.769717990000061, 39.864763363000066 ], [ 46.811951031000035, 39.870113029000038 ] ] ] } },
{ "type": "Feature", "properties": { "shapeName": "Shusha District", "shapeID": "54616110B49912296290484", "shapeISO": "AZE", "n_total": 0, "n_lodging": 0, "n_food": 0, "n_cultural": 0, "n_natural": 0, "n_beach": 0, "n_eco": 0, "n_camping": 0, "share_lodging": 0.0, "share_cultural": 0.0, "dom_category": "none", "lodging_vs_cultural": -1.0, "area_km2": 297.105, "density_per_100km2": 0.0 }, "geometry": { "type": "Polygon", "coordinates": [ [ [ 46.746641922000038, 39.756087594000064 ], [ 46.682946088000051, 39.788859813000045 ], [ 46.573527942000055, 39.778428459000054 ], [ 46.581824263000044, 39.703662662000056 ], [ 46.558981587000062, 39.666278585000043 ], [ 46.560642872000074, 39.624698954000053 ], [ 46.60009840400005, 39.628713531000074 ], [ 46.638100312000063, 39.595465759000035 ], [ 46.696868288000076, 39.657932573000039 ], [ 46.738400428000034, 39.656808993000027 ], [ 46.763112051000064, 39.613911746000042 ], [ 46.789854659000071, 39.632143719000055 ], [ 46.82240317000003, 39.665430309000044 ], [ 46.77982576800008, 39.730559546000052 ], [ 46.737127196000074, 39.722248372000024 ], [ 46.725749345000054, 39.744731347000027 ], [ 46.746641922000038, 39.756087594000064 ] ] ] } },
{ "type": "Feature", "properties": { "shapeName": "Khojavend District", "shapeID": "54616110B38461317640181", "shapeISO": "AZE", "n_total": 0, "n_lodging": 0, "n_food": 0, "n_cultural": 0, "n_natural": 0, "n_beach": 0, "n_eco": 0, "n_camping": 0, "share_lodging": 0.0, "share_cultural": 0.0, "dom_category": "none", "lodging_vs_cultural": -1.0, "area_km2": 1471.059, "density_per_100km2": 0.0 }, "geometry": { "type": "Polygon", "coordinates": [ [ [ 47.283525255000029, 39.877879730000075 ], [ 47.22004286300006, 39.884382069000026 ], [ 47.185595498000055, 39.851279905000069 ], [ 47.163306027000033, 39.850030451000066 ], [ 47.03159551300007, 39.899990709000065 ], [ 46.999579726000036, 39.889377223000054 ], [ 46.974453413000049, 39.855340471000034 ], [ 46.885527747000026, 39.820272190000026 ], [ 46.864964505000046, 39.777573160000031 ], [ 46.934488816000055, 39.732408114000066 ], [ 46.935685898000031, 39.69635203100006 ], [ 46.86888870000007, 39.648617867000041 ], [ 46.82240317000003, 39.665430309000044 ], [ 46.756051586000069, 39.599963984000055 ], [ 46.690638467000042, 39.587111133000064 ], [ 46.719503305000046, 39.562362629000063 ], [ 46.707941804000029, 39.523493607000034 ], [ 46.74729172900004, 39.528725042000076 ], [ 46.774957633000042, 39.512242745000037 ], [ 46.771552599000074, 39.437693587000069 ], [ 46.812413012000036, 39.420859411000038 ], [ 46.849442761000034, 39.430432288000077 ], [ 46.860509122000053, 39.453203805000044 ], [ 46.831991960000039, 39.483883973000047 ], [ 46.847314614000027, 39.500373051000054 ], [ 46.910733380000067, 39.47530809400007 ], [ 46.92946106900007, 39.441653974000076 ], [ 47.001392421000048, 39.399398148000046 ], [ 47.070344368000065, 39.426141163000068 ], [ 47.049914161000061, 39.471019756000032 ], [ 47.092051462000029, 39.487511908000045 ], [ 47.089072057000067, 39.508616111000038 ], [ 47.118014849000076, 39.52608813900008 ], [ 47.123122401000046, 39.554100068000025 ], [ 47.110353522000025, 39.562995589000025 ], [ 47.123973660000047, 39.59395621200008 ], [ 47.099712790000069, 39.603834327000072 ], [ 47.063959928000031, 39.582100599000057 ], [ 47.04906290200006, 39.592639022000071 ], [ 47.124824918000058, 39.636422030000062 ], [ 47.068216221000057, 39.633789255000067 ], [ 47.043104092000078, 39.65846755900003 ], [ 47.347070292000069, 39.742338217000054 ], [ 47.366858531000048, 39.807698392000077 ], [ 47.285773133000077, 39.846616625000024 ], [ 47.283525255000029, 39.877879730000075 ] ] ] } },
{ "type": "Feature", "properties": { "shapeName": "Fuzuli District", "shapeID": "54616110B29637726057754", "shapeISO": "AZE", "n_total": 0, "n_lodging": 0, "n_food": 0, "n_cultural": 0, "n_natural": 0, "n_beach": 0, "n_eco": 0, "n_camping": 0, "share_lodging": 0.0, "share_cultural": 0.0, "dom_category": "none", "lodging_vs_cultural": -1.0, "area_km2": 1412.536, "density_per_100km2": 0.0 }, "geometry": { "type": "Polygon", "coordinates": [ [ [ 47.475732563000065, 39.76625746600007 ], [ 47.043104092000078, 39.65846755900003 ], [ 47.068216221000057, 39.633789255000067 ], [ 47.124824918000058, 39.636422030000062 ], [ 47.04906290200006, 39.592639022000071 ], [ 47.063959928000031, 39.582100599000057 ], [ 47.099712790000069, 39.603834327000072 ], [ 47.123973660000047, 39.59395621200008 ], [ 47.110353522000025, 39.562995589000025 ], [ 47.123122401000046, 39.554100068000025 ], [ 47.118014849000076, 39.52608813900008 ], [ 47.089072057000067, 39.508616111000038 ], [ 47.08074205500003, 39.482754567000029 ], [ 47.164834073000065, 39.450893993000079 ], [ 47.172921029000065, 39.420529289000058 ], [ 47.244852381000044, 39.424160553000036 ], [ 47.305717371000071, 39.366037437000045 ], [ 47.369987396000056, 39.399728372000027 ], [ 47.424042317000044, 39.465081616000077 ], [ 47.631909026000073, 39.530908651000061 ], [ 47.655123346000039, 39.549489909000044 ], [ 47.645038840000041, 39.572922492000032 ], [ 47.664363292000075, 39.608431948000032 ], [ 47.647454396000057, 39.648124736000057 ], [ 47.584649929000079, 39.677529285000048 ], [ 47.555663252000045, 39.724643591000074 ], [ 47.506748234000042, 39.736300542000038 ], [ 47.475732563000065, 39.76625746600007 ] ] ] } },
{ "type": "Feature", "properties": { "shapeName": "Jabrayil District", "shapeID": "54616110B25171122868047", "shapeISO": "AZE", "n_total": 0, "n_lodging": 0, "n_food": 0, "n_cultural": 0, "n_natural": 0, "n_beach": 0, "n_eco": 0, "n_camping": 0, "share_lodging": 0.0, "share_cultural": 0.0, "dom_category": "none", "lodging_vs_cultural": -1.0, "area_km2": 1060.375, "density_per_100km2": 0.0 }, "geometry": { "type": "Polygon", "coordinates": [ [ [ 46.768448223000064, 39.447136558000068 ], [ 46.735050630000046, 39.426603297000042 ], [ 46.726878548000059, 39.38454966200004 ], [ 46.766445048000037, 39.301913367000054 ], [ 46.86561667400008, 39.23144084300003 ], [ 46.891154432000064, 39.169180407000056 ], [ 46.925204777000033, 39.165204448000054 ], [ 46.964788301000056, 39.136040495000032 ], [ 46.998413016000029, 39.135377536000078 ], [ 47.060980523000069, 39.181106924000062 ], [ 47.114609815000051, 39.267844024000055 ], [ 47.24527801000005, 39.314147791000039 ], [ 47.314311585000041, 39.366037437000045 ], [ 47.244852381000044, 39.424160553000036 ], [ 47.172921029000065, 39.420529289000058 ], [ 47.164834073000065, 39.450893993000079 ], [ 47.08074205500003, 39.482754567000029 ], [ 47.049914161000061, 39.471019756000032 ], [ 47.070344368000065, 39.426141163000068 ], [ 47.019694481000045, 39.399067923000075 ], [ 46.961808897000026, 39.418548519000069 ], [ 46.910733380000067, 39.47530809400007 ], [ 46.847314614000027, 39.500373051000054 ], [ 46.831991960000039, 39.483883973000047 ], [ 46.860509122000053, 39.453203805000044 ], [ 46.849442761000034, 39.430432288000077 ], [ 46.812413012000036, 39.420859411000038 ], [ 46.768448223000064, 39.447136558000068 ] ] ] } },
{ "type": "Feature", "properties": { "shapeName": "Qubadli District", "shapeID": "54616110B66639423042347", "shapeISO": "AZE", "n_total": 0, "n_lodging": 0, "n_food": 0, "n_cultural": 0, "n_natural": 0, "n_beach": 0, "n_eco": 0, "n_camping": 0, "share_lodging": 0.0, "share_cultural": 0.0, "dom_category": "none", "lodging_vs_cultural": -1.0, "area_km2": 856.142, "density_per_100km2": 0.0 }, "geometry": { "type": "Polygon", "coordinates": [ [ [ 46.51768037100004, 39.482481962000065 ], [ 46.451206962000072, 39.448993290000033 ], [ 46.371392956000079, 39.447726126000077 ], [ 46.368941330000041, 39.411179555000047 ], [ 46.417429021000032, 39.343567707000034 ], [ 46.520005682000033, 39.312494616000038 ], [ 46.520431312000028, 39.269498261000081 ], [ 46.571506827000064, 39.229454667000027 ], [ 46.65748394600007, 39.239053993000027 ], [ 46.656871040000055, 39.088822110000081 ], [ 46.668311956000025, 39.074172627000053 ], [ 46.725788936000072, 39.187466899000071 ], [ 46.831891856000027, 39.247422500000027 ], [ 46.766445048000037, 39.301913367000054 ], [ 46.726878548000059, 39.38454966200004 ], [ 46.735050630000046, 39.426603297000042 ], [ 46.768448223000064, 39.447136558000068 ], [ 46.774957633000042, 39.512242745000037 ], [ 46.74729172900004, 39.528725042000076 ], [ 46.707941804000029, 39.523493607000034 ], [ 46.623527154000044, 39.487887973000056 ], [ 46.621942829000034, 39.467015182000068 ], [ 46.595801461000065, 39.460874924000052 ], [ 46.51768037100004, 39.482481962000065 ] ] ] } },
{ "type": "Feature", "properties": { "shapeName": "Zangilan District", "shapeID": "54616110B64107713492867", "shapeISO": "AZE", "n_total": 0, "n_lodging": 0, "n_food": 0, "n_cultural": 0, "n_natural": 0, "n_beach": 0, "n_eco": 0, "n_camping": 0, "share_lodging": 0.0, "share_cultural": 0.0, "dom_category": "none", "lodging_vs_cultural": -1.0, "area_km2": 771.291, "density_per_100km2": 0.0 }, "geometry": { "type": "Polygon", "coordinates": [ [ [ 46.831891856000027, 39.247422500000027 ], [ 46.725788936000072, 39.187466899000071 ], [ 46.668311956000025, 39.074172627000053 ], [ 46.656871040000055, 39.088822110000081 ], [ 46.65748394600007, 39.239053993000027 ], [ 46.594974905000072, 39.224727615000063 ], [ 46.547092731000077, 39.175382450000029 ], [ 46.528841746000069, 39.174322311000026 ], [ 46.495063805000029, 39.205695612000056 ], [ 46.435407603000044, 39.208238775000041 ], [ 46.435680005000052, 39.167324988000075 ], [ 46.534902707000072, 39.062081840000076 ], [ 46.506385544000068, 38.953157536000049 ], [ 46.531923303000042, 38.87301700900008 ], [ 46.577891267000041, 38.887655282000026 ], [ 46.738779143000045, 39.009633313000052 ], [ 46.760656489000041, 39.048687961000041 ], [ 46.896032458000036, 39.16881529300008 ], [ 46.86561667400008, 39.23144084300003 ], [ 46.831891856000027, 39.247422500000027 ] ] ] } },
{ "type": "Feature", "properties": { "shapeName": "Ordubad District", "shapeID": "54616110B24607032839399", "shapeISO": "AZE", "n_total": 2, "n_lodging": 0, "n_food": 0, "n_cultural": 2, "n_natural": 0, "n_beach": 0, "n_eco": 0, "n_camping": 0, "share_lodging": 0.0, "share_cultural": 1.0, "dom_category": "cultural", "lodging_vs_cultural": 0.0, "area_km2": 945.547, "density_per_100km2": 0.2115 }, "geometry": { "type": "Polygon", "coordinates": [ [ [ 45.779082010000081, 38.924439331000031 ], [ 45.822683011000038, 38.906724832000066 ], [ 45.85294998300003, 38.912045646000024 ], [ 45.902133814000081, 38.880706178000025 ], [ 45.962667759000055, 38.900812345000077 ], [ 46.141999571000042, 38.84521071100005 ], [ 46.13518950200006, 38.902586144000054 ], [ 46.087519021000048, 38.977635949000046 ], [ 46.076925580000079, 39.034313353000073 ], [ 46.033038470000065, 39.075611761000062 ], [ 45.996718103000035, 39.201127107000048 ], [ 46.00125814900008, 39.282326455000032 ], [ 45.986124663000055, 39.292322717000047 ], [ 45.931644112000072, 39.30114175500006 ], [ 45.846896589000039, 39.235265911000056 ], [ 45.843869891000054, 39.182284741000046 ], [ 45.812089571000058, 39.150476701000059 ], [ 45.806036176000077, 39.109222478000049 ], [ 45.765175763000059, 39.077970935000053 ], [ 45.757609020000075, 39.02073856100003 ], [ 45.787119318000066, 38.970548055000052 ], [ 45.779082010000081, 38.924439331000031 ] ] ] } },
{ "type": "Feature", "properties": { "shapeName": "Julfa District", "shapeID": "54616110B53393721771174", "shapeISO": "AZE", "n_total": 6, "n_lodging": 0, "n_food": 0, "n_cultural": 6, "n_natural": 0, "n_beach": 0, "n_eco": 0, "n_camping": 0, "share_lodging": 0.0, "share_cultural": 1.0, "dom_category": "cultural", "lodging_vs_cultural": 0.0, "area_km2": 997.141, "density_per_100km2": 0.6017 }, "geometry": { "type": "Polygon", "coordinates": [ [ [ 45.943119547000038, 39.30448511600008 ], [ 45.881979643000079, 39.340675838000038 ], [ 45.795818047000068, 39.363775931000077 ], [ 45.735071021000067, 39.307215186000064 ], [ 45.709346516000039, 39.330567126000062 ], [ 45.683002143000067, 39.32936361000003 ], [ 45.586612733000038, 39.282891929000073 ], [ 45.556239220000066, 39.206977566000035 ], [ 45.507889547000048, 39.186478550000061 ], [ 45.549061153000025, 39.142025634000049 ], [ 45.52525823700006, 39.077274138000064 ], [ 45.57266571200006, 39.031030562000069 ], [ 45.555210240000065, 38.969737910000049 ], [ 45.580203302000029, 38.976860511000041 ], [ 45.634354935000033, 38.950069588000076 ], [ 45.779082010000081, 38.924439331000031 ], [ 45.787119318000066, 38.970548055000052 ], [ 45.757609020000075, 39.02073856100003 ], [ 45.765175763000059, 39.077970935000053 ], [ 45.806036176000077, 39.109222478000049 ], [ 45.812089571000058, 39.150476701000059 ], [ 45.843869891000054, 39.182284741000046 ], [ 45.846896589000039, 39.235265911000056 ], [ 45.943119547000038, 39.30448511600008 ] ] ] } },
{ "type": "Feature", "properties": { "shapeName": "Shahbuz District", "shapeID": "54616110B68105682916253", "shapeISO": "AZE", "n_total": 2, "n_lodging": 1, "n_food": 0, "n_cultural": 0, "n_natural": 1, "n_beach": 0, "n_eco": 0, "n_camping": 0, "share_lodging": 0.5, "share_cultural": 0.0, "dom_category": "lodging", "lodging_vs_cultural": 1.0, "area_km2": 874.08, "density_per_100km2": 0.2288 }, "geometry": { "type": "Polygon", "coordinates": [ [ [ 45.808459638000045, 39.361743670000067 ], [ 45.80097534500004, 39.408587390000037 ], [ 45.837671506000049, 39.459808897000073 ], [ 45.821802896000065, 39.48087098700006 ], [ 45.819063081000081, 39.564613675000032 ], [ 45.736620691000041, 39.599868032000074 ], [ 45.689510754000025, 39.595791922000046 ], [ 45.621015384000032, 39.562454658000036 ], [ 45.567706770000029, 39.56725238100006 ], [ 45.382986226000071, 39.424857793000058 ], [ 45.423431376000053, 39.402304063000031 ], [ 45.456664513000078, 39.35600626400003 ], [ 45.514686299000061, 39.347335199000042 ], [ 45.556636323000077, 39.320469167000056 ], [ 45.564471062000052, 39.285242746000051 ], [ 45.581876944000044, 39.27899941700008 ], [ 45.683002143000067, 39.32936361000003 ], [ 45.709346516000039, 39.330567126000062 ], [ 45.735071021000067, 39.307215186000064 ], [ 45.781871025000044, 39.359204649000048 ], [ 45.808459638000045, 39.361743670000067 ] ] ] } },
{ "type": "Feature", "properties": { "shapeName": "Nakhchivan City", "shapeID": "54616110B79262118902245", "shapeISO": "AZE", "n_total": 15, "n_lodging": 6, "n_food": 0, "n_cultural": 9, "n_natural": 0, "n_beach": 0, "n_eco": 0, "n_camping": 0, "share_lodging": 0.4, "share_cultural": 0.6, "dom_category": "cultural", "lodging_vs_cultural": 0.4, "area_km2": 30.485, "density_per_100km2": 49.2046 }, "geometry": { "type": "Polygon", "coordinates": [ [ [ 45.417006876000073, 39.239595628000075 ], [ 45.37492794800005, 39.21975625400006 ], [ 45.394453777000081, 39.186719749000076 ], [ 45.432265701000063, 39.189614084000027 ], [ 45.448382259000027, 39.209147698000038 ], [ 45.440943847000028, 39.23156842700007 ], [ 45.417006876000073, 39.239595628000075 ] ] ] } },
{ "type": "Feature", "properties": { "shapeName": "Babek District", "shapeID": "54616110B53070579367508", "shapeISO": "AZE", "n_total": 1, "n_lodging": 1, "n_food": 0, "n_cultural": 0, "n_natural": 0, "n_beach": 0, "n_eco": 0, "n_camping": 0, "share_lodging": 1.0, "share_cultural": 0.0, "dom_category": "lodging", "lodging_vs_cultural": 1.0, "area_km2": 1162.079, "density_per_100km2": 0.0861 }, "geometry": { "type": "Polygon", "coordinates": [ [ [ 45.583502990000056, 39.278955075000056 ], [ 45.564471062000052, 39.285242746000051 ], [ 45.556636323000077, 39.320469167000056 ], [ 45.514686299000061, 39.347335199000042 ], [ 45.456664513000078, 39.35600626400003 ], [ 45.423431376000053, 39.402304063000031 ], [ 45.382986226000071, 39.424857793000058 ], [ 45.459229941000046, 39.481562698000062 ], [ 45.463414048000061, 39.499543561000053 ], [ 45.429999310000028, 39.524675890000026 ], [ 45.331207912000025, 39.551298656000029 ], [ 45.31667976500006, 39.496166878000054 ], [ 45.288592015000063, 39.462766336000072 ], [ 45.299730260000047, 39.427847376000045 ], [ 45.236759179000046, 39.31482464000004 ], [ 45.097032346000049, 39.302905428000031 ], [ 45.123515946000055, 39.279386104000025 ], [ 45.141676130000064, 39.217609998000057 ], [ 45.293010993000053, 39.16814962400008 ], [ 45.437844509000058, 39.042816679000055 ], [ 45.437224642000047, 39.002925395000034 ], [ 45.546941207000032, 38.967124818000059 ], [ 45.57266571200006, 39.031030562000069 ], [ 45.52525823700006, 39.077274138000064 ], [ 45.549061153000025, 39.142025634000049 ], [ 45.507889547000048, 39.186478550000061 ], [ 45.556239220000066, 39.206977566000035 ], [ 45.583502990000056, 39.278955075000056 ] ], [ [ 45.417006876000073, 39.239595628000075 ], [ 45.440943847000028, 39.23156842700007 ], [ 45.448382259000027, 39.209147698000038 ], [ 45.432265701000063, 39.189614084000027 ], [ 45.394453777000081, 39.186719749000076 ], [ 45.37492794800005, 39.21975625400006 ], [ 45.417006876000073, 39.239595628000075 ] ] ] } },
{ "type": "Feature", "properties": { "shapeName": "Kangarli District", "shapeID": "54616110B75082210580506", "shapeISO": "AZE", "n_total": 1, "n_lodging": 0, "n_food": 0, "n_cultural": 1, "n_natural": 0, "n_beach": 0, "n_eco": 0, "n_camping": 0, "share_lodging": 0.0, "share_cultural": 1.0, "dom_category": "cultural", "lodging_vs_cultural": 0.0, "area_km2": 386.417, "density_per_100km2": 0.2588 }, "geometry": { "type": "Polygon", "coordinates": [ [ [ 45.331957964000026, 39.550883905000035 ], [ 45.300915757000041, 39.593451645000073 ], [ 45.235457739000026, 39.568432570000027 ], [ 45.164792833000035, 39.444805927000061 ], [ 45.05104712900004, 39.380614896000054 ], [ 45.062824613000032, 39.343082457000037 ], [ 45.098882927000034, 39.305141928000069 ], [ 45.236759179000046, 39.31482464000004 ], [ 45.299730260000047, 39.427847376000045 ], [ 45.292466187000059, 39.477779816000066 ], [ 45.31667976500006, 39.496166878000054 ], [ 45.331957964000026, 39.550883905000035 ] ] ] } },
{ "type": "Feature", "properties": { "shapeName": "Sharur District", "shapeID": "54616110B53436270368491", "shapeISO": "AZE", "n_total": 2, "n_lodging": 0, "n_food": 0, "n_cultural": 2, "n_natural": 0, "n_beach": 0, "n_eco": 0, "n_camping": 0, "share_lodging": 0.0, "share_cultural": 1.0, "dom_category": "cultural", "lodging_vs_cultural": 0.0, "area_km2": 905.073, "density_per_100km2": 0.221 }, "geometry": { "type": "Polygon", "coordinates": [ [ [ 45.300295524000035, 39.59330678300006 ], [ 45.298733823000077, 39.613092145000053 ], [ 45.273344046000034, 39.619995674000052 ], [ 45.186066688000039, 39.588233694000053 ], [ 45.179124172000058, 39.699412980000034 ], [ 45.144213229000059, 39.719023159000074 ], [ 45.124575823000043, 39.777666929000077 ], [ 45.093433675000028, 39.793888430000038 ], [ 44.988899204000063, 39.740771627000072 ], [ 44.994056502000035, 39.712742386000059 ], [ 44.935715556000048, 39.653619739000078 ], [ 44.952853655000069, 39.623290714000063 ], [ 44.868496121000078, 39.577796603000024 ], [ 44.93637162300007, 39.433751046000054 ], [ 45.044902649000051, 39.371985663000032 ], [ 45.164792833000035, 39.444805927000061 ], [ 45.235457739000026, 39.568432570000027 ], [ 45.300295524000035, 39.59330678300006 ] ] ] } },
{ "type": "Feature", "properties": { "shapeName": "Sadarak District", "shapeID": "54616110B79964383852369", "shapeISO": "AZE", "n_total": 0, "n_lodging": 0, "n_food": 0, "n_cultural": 0, "n_natural": 0, "n_beach": 0, "n_eco": 0, "n_camping": 0, "share_lodging": 0.0, "share_cultural": 0.0, "dom_category": "none", "lodging_vs_cultural": -1.0, "area_km2": 213.022, "density_per_100km2": 0.0 }, "geometry": { "type": "MultiPolygon", "coordinates": [ [ [ [ 44.988583604000041, 39.740005878000034 ], [ 44.933954140000026, 39.727447682000047 ], [ 44.883571302000064, 39.744446741000047 ], [ 44.765151796000055, 39.715653060000079 ], [ 44.772726578000061, 39.693551817000071 ], [ 44.81766697900008, 39.666729640000028 ], [ 44.791322605000062, 39.627675034000049 ], [ 44.868496121000078, 39.605382384000052 ], [ 44.871613313000069, 39.58841861500008 ], [ 44.942880233000039, 39.610483964000025 ], [ 44.952091961000065, 39.628395565000062 ], [ 44.935715556000048, 39.653619739000078 ], [ 44.994056502000035, 39.712742386000059 ], [ 44.988583604000041, 39.740005878000034 ] ] ], [ [ [ 44.963311069000042, 39.776136400000041 ], [ 44.962914354000077, 39.802456723000034 ], [ 44.931772206000062, 39.800926749000041 ], [ 44.939508153000077, 39.777973031000045 ], [ 44.963311069000042, 39.776136400000041 ] ] ] ] } }
]
}
